rND	rKL	rRD	equal_ex	centrality	type	iteration
0.23020557790072213	0.06213638750689393	0.33380502517266153	1.177990506356358	PageRank	true	0
0.23163657814860647	0.06000406073309583	0.336700493394852	1.1775405719568375	PageRank	random	0
0.03470180125185682	0.0020066670848520973	0.05891317856880471	1.0138567408655743	PageRank	matched	0
0.22080034278161642	0.056681618729456526	0.3231718831069175	1.1300114152804888	PageRank05	true	0
0.22214051626128983	0.05483126290311724	0.32603448074085795	1.1295215176915137	PageRank05	random	0
0.03334475374188306	0.0018513467097266627	0.05660554760091416	1.0130210688189212	PageRank05	matched	0
0.17605518409932977	0.03820838702746618	0.26570572087319694	1.1330247532591677	InDegreeStrength	true	0
0.17675197413080848	0.0367735487417474	0.26814371942713155	1.1323964470486936	InDegreeStrength	random	0
0.024768114218908763	0.0010784178867255703	0.02950741988384724	0.9748526040384105	InDegreeStrength	matched	0
0.29282345287046313	0.09666334225918131	0.40732171109615467	0.9963584178264816	Rank	true	0
0.29563023604426586	0.09435916037724468	0.41063110685157644	0.9963678651805957	Rank	random	0
0.25273215029803864	0.06633576777941068	0.36600976419838793	0.996887464584722	Rank	matched	0
0.23028643816572178	0.06213638750689393	0.33380502517266153	1.177990506356358	PageRank	true	1
0.231928699921461	0.06032196115919154	0.3368788970752662	1.1772185131007402	PageRank	random	1
0.03495995240847553	0.0020368718952630442	0.058854236660009225	1.0133899151736696	PageRank	matched	1
0.22078925889655238	0.056681618729456526	0.3231718831069175	1.1300114152804888	PageRank05	true	1
0.22254989562542865	0.05513198640905948	0.32641982946548703	1.129697860544345	PageRank05	random	1
0.03354568328324133	0.0018724764578604046	0.056533580657911295	1.012864534613995	PageRank05	matched	1
0.17607390364549497	0.03820838702746618	0.26570572087319694	1.1330247532591677	InDegreeStrength	true	1
0.17696894820824075	0.037036493290684216	0.26822743072160216	1.1311933033522703	InDegreeStrength	random	1
0.024807185083166462	0.0010736671712646023	0.029315061627360896	0.9740358158055524	InDegreeStrength	matched	1
0.2928014213493584	0.09666334225918131	0.40732171109615467	0.9963584178264816	Rank	true	1
0.29615156663809394	0.09448236470942242	0.41133102844471336	0.9963585065215625	Rank	random	1
0.25208233906245064	0.06599569610730069	0.3652447755403342	0.9968973775903492	Rank	matched	1
0.23027803319352194	0.06213638750689393	0.33380502517266153	1.177990506356358	PageRank	true	2
0.23282941388965814	0.06074078420943546	0.33797960530164806	1.178542428911512	PageRank	random	2
0.03430538385277232	0.0020513873456665527	0.057805319819899365	1.0127319736234819	PageRank	matched	2
0.22084170301534628	0.056681618729456526	0.3231718831069175	1.1300114152804888	PageRank05	true	2
0.2232686094583001	0.05541982764107967	0.3273266087717684	1.1303739136666644	PageRank05	random	2
0.03284899732200483	0.0018748393443525774	0.05544646881470774	1.0123263087658136	PageRank05	matched	2
0.17611610920090293	0.03820838702746618	0.26570572087319694	1.1330247532591677	InDegreeStrength	true	2
0.17763752047473047	0.03711629708525505	0.26926204496139067	1.1351593553627517	InDegreeStrength	random	2
0.025480124767725022	0.0011485933022577998	0.029439123460737827	0.9738044823743289	InDegreeStrength	matched	2
0.2927850554855818	0.09666334225918131	0.40732171109615467	0.9963584178264816	Rank	true	2
0.29600113422784563	0.09431377185321416	0.41128712023350433	0.9963580892203298	Rank	random	2
0.25165938427680623	0.06576112477224705	0.36474305977554244	0.9969055844519336	Rank	matched	2
0.23018593471753415	0.06213638750689393	0.33380502517266153	1.177990506356358	PageRank	true	3
0.2323563348757567	0.06031969855688926	0.3375878516932885	1.1784058871776986	PageRank	random	3
0.034438872397306794	0.001973126928555948	0.05797946197357467	1.0131435090378946	PageRank	matched	3
0.22085983147946806	0.056681618729456526	0.3231718831069175	1.1300114152804888	PageRank05	true	3
0.22290708749114424	0.05512600440970243	0.3270207155785342	1.1302042494237838	PageRank05	random	3
0.03262696102698022	0.0017447884660081884	0.05510966537149172	1.0125708398452626	PageRank05	matched	3
0.17609039799953344	0.03820838702746618	0.26570572087319694	1.1330247532591677	InDegreeStrength	true	3
0.17743964408262705	0.03704135986608026	0.26902623853207447	1.1342036158094646	InDegreeStrength	random	3
0.024273820693308728	0.000969202354740934	0.028085911214246643	0.9769344818321283	InDegreeStrength	matched	3
0.2927833195158042	0.09666334225918131	0.40732171109615467	0.9963584178264816	Rank	true	3
0.295812995099536	0.09428341156458403	0.4109940997330467	0.9963623962216182	Rank	random	3
0.2519145678704971	0.06581231265854814	0.3651069104375444	0.9969017260494817	Rank	matched	3
0.230252374534468	0.06213638750689393	0.33380502517266153	1.177990506356358	PageRank	true	4
0.23164655868465653	0.05995098481693132	0.33676625328793275	1.1775445422151019	PageRank	random	4
0.035039650430914684	0.0020704223597645625	0.059174162370071115	1.0134224433797476	PageRank	matched	4
0.22076523740590853	0.056681618729456526	0.3231718831069175	1.1300114152804888	PageRank05	true	4
0.22222738653711263	0.054822639282019595	0.32617650702047285	1.129636336471947	PageRank05	random	4
0.03340509273120368	0.001875704076680951	0.05650932063106271	1.0128567893875526	PageRank05	matched	4
0.1761246302890429	0.03820838702746618	0.26570572087319694	1.1330247532591677	InDegreeStrength	true	4
0.176958846734034	0.036882369427355	0.2683741717302045	1.133630038825165	InDegreeStrength	random	4
0.02506855347776177	0.001095163536928054	0.02984693616353292	0.9755112125423835	InDegreeStrength	matched	4
0.2928167893356983	0.09666334225918131	0.40732171109615467	0.9963584178264816	Rank	true	4
0.29576649851125386	0.09415965131827893	0.41098570810932766	0.9963632550582758	Rank	random	4
0.25298186169588976	0.06664992036102636	0.36614880916570614	0.9968875063279998	Rank	matched	4
0.230166532671974	0.06213638750689393	0.33380502517266153	1.177990506356358	PageRank	true	5
0.23240749746028294	0.06060224681624468	0.33743466916073456	1.177875171616793	PageRank	random	5
0.03577628661456	0.002088635363697358	0.06032494994110559	1.0143823749497007	PageRank	matched	5
0.22085477408528204	0.056681618729456526	0.3231718831069175	1.1300114152804888	PageRank05	true	5
0.22310996166994895	0.05544178945149978	0.3270572283847895	1.1301231510910559	PageRank05	random	5
0.03450913035213307	0.0019222900355052252	0.058248065794474994	1.0136002710495755	PageRank05	matched	5
0.1760893470289973	0.03820838702746618	0.26570572087319694	1.1330247532591677	InDegreeStrength	true	5
0.17756128483167696	0.037257726105653165	0.26900084786298684	1.1330010215035533	InDegreeStrength	random	5
0.024855000024309258	0.0011091088754660405	0.03045832619141794	0.9778892127651627	InDegreeStrength	matched	5
0.2927842095616891	0.09666334225918131	0.40732171109615467	0.9963584178264816	Rank	true	5
0.296410653246418	0.09479096031790106	0.41153184774678986	0.9963553382174426	Rank	random	5
0.25361658644839563	0.06689976530892269	0.36697783593625555	0.9968739489643254	Rank	matched	5
0.2302163872800141	0.06213638750689393	0.33380502517266153	1.177990506356358	PageRank	true	6
0.23225444635022957	0.060398624091243754	0.3373707385843226	1.1780914828875166	PageRank	random	6
0.03488881502006947	0.0020428072109656584	0.05878066364888445	1.0130076158782757	PageRank	matched	6
0.22075160232000715	0.056681618729456526	0.3231718831069175	1.1300114152804888	PageRank05	true	6
0.222881048593883	0.055176669752092476	0.3269325664558399	1.1301332504893442	PageRank05	random	6
0.03331475426362317	0.0018300356144748048	0.05615125860200112	1.0127907505474174	PageRank05	matched	6
0.17598391023658713	0.03820838702746618	0.26570572087319694	1.1330247532591677	InDegreeStrength	true	6
0.1775619372842701	0.03720288113553242	0.2690708136493533	1.1327945387098615	InDegreeStrength	random	6
0.025435855389148353	0.0010583953876751983	0.029787421612007835	0.9739726178371215	InDegreeStrength	matched	6
0.2927000963898678	0.09666334225918131	0.40732171109615467	0.9963584178264816	Rank	true	6
0.2956362241421438	0.09393424938266588	0.41101644908434	0.9963611838515936	Rank	random	6
0.2522152417646628	0.06584921531136712	0.3655892481116237	0.9968939858460933	Rank	matched	6
0.23024837512609253	0.06213638750689393	0.33380502517266153	1.177990506356358	PageRank	true	7
0.23244458909726795	0.060261080203275676	0.3377780459822699	1.1785571870914298	PageRank	random	7
0.03455497491265667	0.001928103721855634	0.05843162667183387	1.01370439448925	PageRank	matched	7
0.2209087643813029	0.056681618729456526	0.3231718831069175	1.1300114152804888	PageRank05	true	7
0.22285082894703487	0.05498380799903616	0.32703396252200523	1.1303140294492322	PageRank05	random	7
0.03307913564861224	0.0017503137971240197	0.05602791930310105	1.013048546304875	PageRank05	matched	7
0.1760951761319916	0.03820838702746618	0.26570572087319694	1.1330247532591677	InDegreeStrength	true	7
0.17768719383328563	0.03698208602624571	0.26949984794767845	1.1352583481281364	InDegreeStrength	random	7
0.02453963798842398	0.0010053943901319204	0.028834258390086867	0.9750026410030167	InDegreeStrength	matched	7
0.2926918174165468	0.09666334225918131	0.40732171109615467	0.9963584178264816	Rank	true	7
0.2956856347133061	0.09424583433073914	0.4108056860581288	0.9963647222689023	Rank	random	7
0.25191115586167007	0.0656436188615587	0.3653284545039602	0.9968928754990007	Rank	matched	7
0.2301574533056451	0.06213638750689393	0.33380502517266153	1.177990506356358	PageRank	true	8
0.23200423454152247	0.06033478182271166	0.33704132601624304	1.1776464872772734	PageRank	random	8
0.03531378808004018	0.002069112627963135	0.05966455336442795	1.0138005138508994	PageRank	matched	8
0.2208735049907801	0.056681618729456526	0.3231718831069175	1.1300114152804888	PageRank05	true	8
0.2226406185774171	0.0551118804627792	0.32661580086473324	1.1297726229239256	PageRank05	random	8
0.03347729199619815	0.001839102294975209	0.05668451328930437	1.0130472789902305	PageRank05	matched	8
0.17600656313760782	0.03820838702746618	0.26570572087319694	1.1330247532591677	InDegreeStrength	true	8
0.17687213021119885	0.03696219679037927	0.26815331845102075	1.1339986276381857	InDegreeStrength	random	8
0.02497553075268135	0.001134314812039411	0.030340416972182687	0.9752952008968817	InDegreeStrength	matched	8
0.2926914396520259	0.09666334225918131	0.40732171109615467	0.9963584178264816	Rank	true	8
0.2964777404144341	0.09480048320114637	0.4116108623127566	0.9963538472836224	Rank	random	8
0.2525460565933507	0.06612862679567161	0.36587097257673423	0.9968947655892857	Rank	matched	8
0.2301860487927182	0.06213638750689393	0.33380502517266153	1.177990506356358	PageRank	true	9
0.2327861667183121	0.06058440180005098	0.33803200912437537	1.1786166957426345	PageRank	random	9
0.0341295516863453	0.0019739364594395007	0.05776924384790533	1.0131725862494523	PageRank	matched	9
0.2207836819882838	0.056681618729456526	0.3231718831069175	1.1300114152804888	PageRank05	true	9
0.2233476923261497	0.05535796455841699	0.32749313520153017	1.1305272141559244	PageRank05	random	9
0.03240944935834892	0.0017610107493862162	0.0549579416541087	1.0125162823545149	PageRank05	matched	9
0.17604941560172022	0.03820838702746618	0.26570572087319694	1.1330247532591677	InDegreeStrength	true	9
0.17829068226910405	0.03736040221184408	0.2701046502035879	1.1319030961385275	InDegreeStrength	random	9
0.02470943490780321	0.0010471023325543754	0.029061098106808767	0.9737796036859053	InDegreeStrength	matched	9
0.29269855164836295	0.09666334225918131	0.40732171109615467	0.9963584178264816	Rank	true	9
0.2961643194155398	0.09443141168512523	0.4114098812612456	0.9963568052918391	Rank	random	9
0.2530165396431696	0.06664320601703058	0.36618522955523775	0.9968915685883526	Rank	matched	9
0.23015261428499686	0.06213638750689393	0.33380502517266153	1.177990506356358	PageRank	true	10
0.2315148989094692	0.06005488255391622	0.3364625886035242	1.1772029909388309	PageRank	random	10
0.03612088205471866	0.002127325538410443	0.060846822637666276	1.0141640193728265	PageRank	matched	10
0.22072858295490913	0.056681618729456526	0.3231718831069175	1.1300114152804888	PageRank05	true	10
0.22198862549698095	0.0547723149646229	0.32581869363379956	1.1294555176391423	PageRank05	random	10
0.034490260396390145	0.001926581767167016	0.05828477206030458	1.0135916362410389	PageRank05	matched	10
0.17613471150985316	0.03820838702746618	0.26570572087319694	1.1330247532591677	InDegreeStrength	true	10
0.17654628953036655	0.03668668431432725	0.26786554153718795	1.1321082749900973	InDegreeStrength	random	10
0.025155825342111922	0.0011088013585003667	0.03058012693026433	0.9756314261945241	InDegreeStrength	matched	10
0.2927264515552943	0.09666334225918131	0.40732171109615467	0.9963584178264816	Rank	true	10
0.2951371817417083	0.0939193901460702	0.41019303578916627	0.9963730545675209	Rank	random	10
0.25374533310936326	0.06656809200408205	0.3674106836884677	0.9968698167465952	Rank	matched	10
0.2301865758172691	0.06213638750689393	0.33380502517266153	1.177990506356358	PageRank	true	11
0.2330807099142856	0.06087910001990987	0.3382810752385347	1.1785391180579528	PageRank	random	11
0.03462213680018481	0.0020505381164361825	0.05800428218507244	1.0127904583002536	PageRank	matched	11
0.2207462727114162	0.056681618729456526	0.3231718831069175	1.1300114152804888	PageRank05	true	11
0.2234671552353876	0.05553207553376435	0.32756897906256194	1.1303632507998083	PageRank05	random	11
0.0331485246527441	0.001868328821378026	0.05565361747770186	1.0124221251988328	PageRank05	matched	11
0.17609163369572575	0.03820838702746618	0.26570572087319694	1.1330247532591677	InDegreeStrength	true	11
0.17827181753687996	0.037543800231452575	0.26992160892332373	1.1317921408053961	InDegreeStrength	random	11
0.02494015679858079	0.0010936994543634907	0.029045730281026326	0.9763047528198705	InDegreeStrength	matched	11
0.2926306713842192	0.09666334225918131	0.40732171109615467	0.9963584178264816	Rank	true	11
0.29515366016177386	0.0938921185118769	0.4102606928267381	0.9963700739901736	Rank	random	11
0.2526080233811614	0.06661822561120201	0.36559871561338403	0.9968946484602904	Rank	matched	11
0.23015236432769473	0.06213638750689393	0.33380502517266153	1.177990506356358	PageRank	true	12
0.23183906388011877	0.06012535984800997	0.33690844910591755	1.177724041641062	PageRank	random	12
0.03471681422362041	0.0020579369799132567	0.05833047619465673	1.0128826742338668	PageRank	matched	12
0.2208249390243623	0.056681618729456526	0.3231718831069175	1.1300114152804888	PageRank05	true	12
0.22235482035757528	0.05489611296138024	0.3263079562689267	1.1297431306476076	PageRank05	random	12
0.0331787049005932	0.001854877301367164	0.055827269978557165	1.0125230639876397	PageRank05	matched	12
0.17601589401365667	0.03820838702746618	0.26570572087319694	1.1330247532591677	InDegreeStrength	true	12
0.17731299369232714	0.037043800381319034	0.2688045897813486	1.1327735756335948	InDegreeStrength	random	12
0.0253293617847216	0.001070158467624828	0.029182877293718244	0.9757029092003094	InDegreeStrength	matched	12
0.2928352521559266	0.09666334225918131	0.40732171109615467	0.9963584178264816	Rank	true	12
0.29532983274873265	0.09394169083584046	0.41044673874326953	0.996370265971358	Rank	random	12
0.252056605731926	0.06624548640623774	0.36496382230055746	0.996901366936806	Rank	matched	12
0.2301144691841265	0.06213638750689393	0.33380502517266153	1.177990506356358	PageRank	true	13
0.23214220645971634	0.060125976510263364	0.337406026670876	1.178241858683894	PageRank	random	13
0.03452109039910603	0.0021242216860026747	0.0577331751882713	1.012086704838264	PageRank	matched	13
0.22069609040154728	0.056681618729456526	0.3231718831069175	1.1300114152804888	PageRank05	true	13
0.22262562297767433	0.05488600153962716	0.32675417579560856	1.1301102591248597	PageRank05	random	13
0.03295544190302286	0.0019101901839571282	0.05519920565599036	1.0120149412789352	PageRank05	matched	13
0.17608327417134276	0.03820838702746618	0.26570572087319694	1.1330247532591677	InDegreeStrength	true	13
0.1773926684359041	0.03691036090380798	0.26906189446594486	1.1347322778966868	InDegreeStrength	random	13
0.02545733336878122	0.0011225661536723615	0.029109333863944174	0.9738639740598629	InDegreeStrength	matched	13
0.29290792036896157	0.09666334225918131	0.40732171109615467	0.9963584178264816	Rank	true	13
0.29586023437035647	0.09439078116528668	0.41099272667295633	0.9963618076990924	Rank	random	13
0.2524747013915261	0.06663921539757096	0.36531916068966075	0.996898584148878	Rank	matched	13
0.23024470863253477	0.06213638750689393	0.33380502517266153	1.177990506356358	PageRank	true	14
0.23245908992314138	0.060529880571173526	0.33759394832944645	1.1779738600767409	PageRank	random	14
0.03532929397969967	0.0020992339195406405	0.05949665698436752	1.0135465810291793	PageRank	matched	14
0.22089219209977828	0.056681618729456526	0.3231718831069175	1.1300114152804888	PageRank05	true	14
0.22285908279110778	0.05520367320737846	0.326866940382125	1.1299847284828664	PageRank05	random	14
0.03357246311918013	0.0018875419324473942	0.056702733776905635	1.0129202066503715	PageRank05	matched	14
0.1760663794444403	0.03820838702746618	0.26570572087319694	1.1330247532591677	InDegreeStrength	true	14
0.17728806865764082	0.03711894893614043	0.2686948113049534	1.1332590777716862	InDegreeStrength	random	14
0.02497951890609062	0.0010921516204721166	0.02965214691333619	0.9759775876123096	InDegreeStrength	matched	14
0.29268225282599675	0.09666334225918131	0.40732171109615467	0.9963584178264816	Rank	true	14
0.2967138089313171	0.09488968830380407	0.411953074152988	0.9963498194017952	Rank	random	14
0.2516722550662844	0.06552579742060757	0.36501940814514783	0.9968936195153046	Rank	matched	14
0.23016097143418363	0.06213638750689393	0.33380502517266153	1.177990506356358	PageRank	true	15
0.2319121405610293	0.060277791796259264	0.33687161140918964	1.1773738665860192	PageRank	random	15
0.0346333340604292	0.002063271040446666	0.0581836670858403	1.0126563686780525	PageRank	matched	15
0.2208427089267954	0.056681618729456526	0.3231718831069175	1.1300114152804888	PageRank05	true	15
0.2225242981052213	0.05508447260404463	0.32640558142011344	1.1297112316971218	PageRank05	random	15
0.03315821108583575	0.001882598757957042	0.05579970834809985	1.0124305063338583	PageRank05	matched	15
0.17602949029013748	0.03820838702746618	0.26570572087319694	1.1330247532591677	InDegreeStrength	true	15
0.17728419921132707	0.037045954982792256	0.26871067838391915	1.1331786127202115	InDegreeStrength	random	15
0.025369566785025575	0.001090482512521808	0.029554364471961574	0.9756769958635629	InDegreeStrength	matched	15
0.29271594834502135	0.09666334225918131	0.40732171109615467	0.9963584178264816	Rank	true	15
0.29603360616992774	0.09456076557777318	0.411111564128968	0.9963606032835283	Rank	random	15
0.25224268716235454	0.0662783125872085	0.36525568271666864	0.9968980769095526	Rank	matched	15
0.23027965013991344	0.06213638750689393	0.33380502517266153	1.177990506356358	PageRank	true	16
0.2328633484239135	0.06069563096275694	0.33808370826656137	1.1786182773900733	PageRank	random	16
0.03424227705815273	0.0019371629487161706	0.05748948967809286	1.0130083088570905	PageRank	matched	16
0.22086589523925507	0.056681618729456526	0.3231718831069175	1.1300114152804888	PageRank05	true	16
0.22340493290896227	0.05545960062473919	0.3275162570012321	1.1304715921311992	PageRank05	random	16
0.032545352070634796	0.0017251960028624156	0.054707147750634476	1.012440557989603	PageRank05	matched	16
0.17601987921780926	0.03820838702746618	0.26570572087319694	1.1330247532591677	InDegreeStrength	true	16
0.17775089397942168	0.037196780346217	0.26934566538129723	1.1337431953613277	InDegreeStrength	random	16
0.024590483265845224	0.0009873736075481738	0.028501050616272627	0.9790464263681595	InDegreeStrength	matched	16
0.2927218238537235	0.09666334225918131	0.40732171109615467	0.9963584178264816	Rank	true	16
0.2967728888841379	0.09467747792224791	0.41222352345239177	0.9963458811767478	Rank	random	16
0.2524192538660769	0.06649124651122004	0.36545531923755037	0.996891205676097	Rank	matched	16
0.23010926584844948	0.06213638750689393	0.33380502517266153	1.177990506356358	PageRank	true	17
0.23195081216326155	0.060363279340742135	0.336872159807731	1.1776165524791082	PageRank	random	17
0.033007892919433846	0.0018170745653116821	0.055500473058186686	1.0123271519111197	PageRank	matched	17
0.2208049767122568	0.056681618729456526	0.3231718831069175	1.1300114152804888	PageRank05	true	17
0.22240309526471239	0.055045060587024984	0.3262397487348569	1.1297539947377395	PageRank05	random	17
0.03131432648936984	0.0016285241565513716	0.052791174748431806	1.011874269096545	PageRank05	matched	17
0.17608762392817046	0.03820838702746618	0.26570572087319694	1.1330247532591677	InDegreeStrength	true	17
0.1770064584511732	0.03692608639856655	0.26838825253842985	1.134372395003723	InDegreeStrength	random	17
0.023746384634936724	0.0009785496168834386	0.027131367514284407	0.9745505355379617	InDegreeStrength	matched	17
0.2927362318803532	0.09666334225918131	0.40732171109615467	0.9963584178264816	Rank	true	17
0.29554555938047694	0.09416721278933064	0.41063094128101396	0.9963675790283091	Rank	random	17
0.250839478756456	0.06534566784361655	0.3637612828985077	0.9969194761204808	Rank	matched	17
0.23011959343870916	0.06213638750689393	0.33380502517266153	1.177990506356358	PageRank	true	18
0.2322389279785212	0.06047734083714407	0.33724174138531055	1.1776466853441339	PageRank	random	18
0.033962754234840214	0.0019204811660957903	0.05723589084779256	1.0129958752756745	PageRank	matched	18
0.22082944135918925	0.056681618729456526	0.3231718831069175	1.1300114152804888	PageRank05	true	18
0.2227663746360732	0.05522916845020298	0.32666250844326206	1.129867295010675	PageRank05	random	18
0.03231810505805012	0.0017251932305330088	0.054615352950126254	1.0124079965851984	PageRank05	matched	18
0.17616373090998225	0.03820838702746618	0.26570572087319694	1.1330247532591677	InDegreeStrength	true	18
0.17736833735015262	0.03705286332603432	0.26887357667584294	1.135291226782641	InDegreeStrength	random	18
0.024383739729346994	0.0010428506709359352	0.028674430108616915	0.9746892333145986	InDegreeStrength	matched	18
0.29276440510621543	0.09666334225918131	0.40732171109615467	0.9963584178264816	Rank	true	18
0.29604724552671075	0.09431660147264585	0.41135058702627464	0.9963572558269075	Rank	random	18
0.25134726181297934	0.06560996356844072	0.36442565202015653	0.996904730310035	Rank	matched	18
0.2301891805826925	0.06213638750689393	0.33380502517266153	1.177990506356358	PageRank	true	19
0.23163976531260994	0.060090904066544784	0.3366033364258123	1.1772542599035856	PageRank	random	19
0.03408711196814487	0.0018934267815756544	0.057567113009108155	1.013418053109173	PageRank	matched	19
0.22077370691956139	0.056681618729456526	0.3231718831069175	1.1300114152804888	PageRank05	true	19
0.22212587055080246	0.05481977279936192	0.32598911362660576	1.1295155990234127	PageRank05	random	19
0.03250728998313685	0.0017111568084372509	0.054886422822674676	1.0126225921180905	PageRank05	matched	19
0.1760067163803437	0.03820838702746618	0.26570572087319694	1.1330247532591677	InDegreeStrength	true	19
0.17678479302863992	0.03681073445500563	0.26812987584820697	1.131524723891543	InDegreeStrength	random	19
0.023755787119025883	0.0009467645028278742	0.027609048953024237	0.9784227537312222	InDegreeStrength	matched	19
0.29281716720133666	0.09666334225918131	0.40732171109615467	0.9963584178264816	Rank	true	19
0.29589346485270823	0.09415165073578438	0.4111938432174546	0.996361190555347	Rank	random	19
0.25240173075533334	0.06623567862351276	0.36562090929512175	0.9968895249940363	Rank	matched	19
0.2302113804254405	0.06213638750689393	0.33380502517266153	1.177990506356358	PageRank	true	20
0.2324160375973464	0.060634026537967144	0.33742817998099955	1.1778114377102669	PageRank	random	20
0.034807593865671935	0.0020249928736154124	0.058727014623293494	1.013506563220457	PageRank	matched	20
0.2207397736668851	0.056681618729456526	0.3231718831069175	1.1300114152804888	PageRank05	true	20
0.22295634762827457	0.055391645842718044	0.3268637071488528	1.1299302078460434	PageRank05	random	20
0.033205956173222854	0.0018329727181608073	0.05606359243602903	1.0128090519920447	PageRank05	matched	20
0.1760212526891469	0.03820838702746618	0.26570572087319694	1.1330247532591677	InDegreeStrength	true	20
0.1775947470116156	0.037257810168832096	0.2690705485375989	1.1320444400445733	InDegreeStrength	random	20
0.02474680864457083	0.0011092993951998076	0.029440428563555505	0.978229143926562	InDegreeStrength	matched	20
0.29282998447434444	0.09666334225918131	0.40732171109615467	0.9963584178264816	Rank	true	20
0.29546780908238635	0.09403914935648879	0.41058179287180113	0.9963686679028537	Rank	random	20
0.25261282277843894	0.0663232590017415	0.3658376454329122	0.996891026996832	Rank	matched	20
0.23018603919894393	0.06213638750689393	0.33380502517266153	1.177990506356358	PageRank	true	21
0.23238836195238352	0.06031502549348111	0.3376742378102609	1.1783624602548266	PageRank	random	21
0.03461931711557136	0.001979207157593229	0.05844050420065558	1.013268139558917	PageRank	matched	21
0.22083455116975595	0.056681618729456526	0.3231718831069175	1.1300114152804888	PageRank05	true	21
0.22301838120477815	0.05509107471567021	0.32724768839791313	1.1302493197305827	PageRank05	random	21
0.033334677140035324	0.0018272071736266306	0.0563125968949449	1.0128999360436175	PageRank05	matched	21
0.17602738478323454	0.03820838702746618	0.26570572087319694	1.1330247532591677	InDegreeStrength	true	21
0.17734698091681772	0.03691729635793532	0.26900676482480723	1.1332548349891682	InDegreeStrength	random	21
0.02487816447194719	0.0010250080446250523	0.029204882928750092	0.9742509601472525	InDegreeStrength	matched	21
0.29267065603364895	0.09666334225918131	0.40732171109615467	0.9963584178264816	Rank	true	21
0.29610034084861914	0.09438290779517558	0.41139125123765485	0.9963563494300598	Rank	random	21
0.25289203791770687	0.06609786711730876	0.36646540585575976	0.9968811673966038	Rank	matched	21
0.23017297477935625	0.06213638750689393	0.33380502517266153	1.177990506356358	PageRank	true	22
0.2320528996113247	0.06058459840205339	0.3368552514229178	1.1771594029952708	PageRank	random	22
0.03530457785115444	0.0020618416077277236	0.05939222952202413	1.0132834145943626	PageRank	matched	22
0.22078877075398623	0.056681618729456526	0.3231718831069175	1.1300114152804888	PageRank05	true	22
0.22271594676796097	0.0553257823599069	0.326519905914987	1.1296893787349334	PageRank05	random	22
0.033652635874648194	0.0018691923882829676	0.056617877384311587	1.0128533077452238	PageRank05	matched	22
0.17606971918674982	0.03820838702746618	0.26570572087319694	1.1330247532591677	InDegreeStrength	true	22
0.1771297903759355	0.037212604591139994	0.26830940638716755	1.1307394067984005	InDegreeStrength	random	22
0.02545381566843552	0.0010698425202193957	0.03013910707022212	0.9729422867416102	InDegreeStrength	matched	22
0.29284601090956175	0.09666334225918131	0.40732171109615467	0.9963584178264816	Rank	true	22
0.2957880458700011	0.09427048809168798	0.4109661628784081	0.9963632887605126	Rank	random	22
0.25242422270930687	0.06618116664982301	0.36565189725969605	0.9968935430811321	Rank	matched	22
0.2301809525606974	0.06213638750689393	0.33380502517266153	1.177990506356358	PageRank	true	23
0.23278365930285305	0.06068054465413663	0.3379492861647146	1.178455393928764	PageRank	random	23
0.034964962969975005	0.0020946901568730408	0.058834360116612035	1.0131269234964169	PageRank	matched	23
0.2208794235132833	0.056681618729456526	0.3231718831069175	1.1300114152804888	PageRank05	true	23
0.22344091710490704	0.05549210147236631	0.3275471768421094	1.1304046877267049	PageRank05	random	23
0.03346771267750217	0.001901286020276209	0.056391140675699274	1.0126876924714427	PageRank05	matched	23
0.17607435450435263	0.03820838702746618	0.26570572087319694	1.1330247532591677	InDegreeStrength	true	23
0.17799308610312872	0.037324456913276835	0.2696582129857178	1.1371978654691646	InDegreeStrength	random	23
0.025444552978283002	0.0011490284398186017	0.0298265645142142	0.9755825630910464	InDegreeStrength	matched	23
0.2926808764394959	0.09666334225918131	0.40732171109615467	0.9963584178264816	Rank	true	23
0.2960017578554643	0.09458737916413423	0.411068885632648	0.9963606182165612	Rank	random	23
0.25331012610317766	0.06632976725324168	0.36691782453522587	0.9968757813334383	Rank	matched	23
0.23016715977357066	0.06213638750689393	0.33380502517266153	1.177990506356358	PageRank	true	24
0.23204235906966914	0.06024209425884305	0.33716121722513737	1.1779126641013833	PageRank	random	24
0.03449474935380337	0.0019686976332917282	0.05847529311687476	1.0138196965243322	PageRank	matched	24
0.22078857695489834	0.056681618729456526	0.3231718831069175	1.1300114152804888	PageRank05	true	24
0.22257426169172065	0.05495857845419175	0.3266348929371957	1.1299198378205733	PageRank05	random	24
0.03296017323254749	0.0018122788803892605	0.05599024107414642	1.0128883895614655	PageRank05	matched	24
0.17605989979775818	0.03820838702746618	0.26570572087319694	1.1330247532591677	InDegreeStrength	true	24
0.17712003158806813	0.03690774521570805	0.2686356872192572	1.1322176053527286	InDegreeStrength	random	24
0.024416449551885905	0.0010921839004757376	0.029462297906045452	0.9741824435240197	InDegreeStrength	matched	24
0.292816087210234	0.09666334225918131	0.40732171109615467	0.9963584178264816	Rank	true	24
0.29601858422097377	0.0944183875974199	0.41118907833007573	0.9963581297640858	Rank	random	24
0.25218699751099627	0.06631470750122752	0.36518750587052784	0.9968972737691715	Rank	matched	24
0.23029404533328113	0.06213638750689393	0.33380502517266153	1.177990506356358	PageRank	true	25
0.23201775521159618	0.06016134846861317	0.3371735553714356	1.1779348916061791	PageRank	random	25
0.03339722549824628	0.0019435501073000524	0.05622742752593481	1.0119500722771388	PageRank	matched	25
0.22081731036532284	0.056681618729456526	0.3231718831069175	1.1300114152804888	PageRank05	true	25
0.2227117342495785	0.05502529311301692	0.3267978438965411	1.129965303333042	PageRank05	random	25
0.031732076954216884	0.0017394019462549624	0.05351997741884607	1.011810127739094	PageRank05	matched	25
0.17602349239120363	0.03820838702746618	0.26570572087319694	1.1330247532591677	InDegreeStrength	true	25
0.17698726244297547	0.03682085764005996	0.26847112225078706	1.1304074402448094	InDegreeStrength	random	25
0.02496410821447479	0.0010276353094762886	0.028577020585999927	0.9768539019850045	InDegreeStrength	matched	25
0.2928481733076143	0.09666334225918131	0.40732171109615467	0.9963584178264816	Rank	true	25
0.29526586513581904	0.09401602203221024	0.4103374920620518	0.9963713996392989	Rank	random	25
0.252255993650406	0.06604526810153531	0.36554367669259263	0.9968921897188372	Rank	matched	25
0.23019339273048653	0.06213638750689393	0.33380502517266153	1.177990506356358	PageRank	true	26
0.232085456912663	0.06023217728708879	0.3372482739237173	1.1779649409336497	PageRank	random	26
0.035785498150460206	0.0021389236974216894	0.06076115925540375	1.0144806988109292	PageRank	matched	26
0.22096573415432633	0.056681618729456526	0.3231718831069175	1.1300114152804888	PageRank05	true	26
0.22257430245664392	0.054960825467135294	0.32663776851405196	1.1299652711079844	PageRank05	random	26
0.03424624484106109	0.0019395046173166807	0.05824875852572578	1.0135856046525973	PageRank05	matched	26
0.17601221973721512	0.03820838702746618	0.26570572087319694	1.1330247532591677	InDegreeStrength	true	26
0.17719785832771187	0.03690977885206552	0.2687577844867591	1.1310658546565635	InDegreeStrength	random	26
0.02512321727492789	0.0011318224658224839	0.030720764511725045	0.9750449985737453	InDegreeStrength	matched	26
0.2927392579099567	0.09666334225918131	0.40732171109615467	0.9963584178264816	Rank	true	26
0.2962293625302576	0.0946256610829248	0.41138318147638575	0.9963571276433962	Rank	random	26
0.25288280706796457	0.06636172819075421	0.3662407226065664	0.9968817179723475	Rank	matched	26
0.23019488337200533	0.06213638750689393	0.33380502517266153	1.177990506356358	PageRank	true	27
0.23164801003138388	0.06016479931664973	0.33657725459126797	1.1774239415392749	PageRank	random	27
0.035005000359987375	0.002169611448956769	0.05896567438132617	1.0128387228216311	PageRank	matched	27
0.22075517882962095	0.056681618729456526	0.3231718831069175	1.1300114152804888	PageRank05	true	27
0.22229792922798233	0.05504402836840927	0.32609872362372805	1.1295245474702804	PageRank05	random	27
0.0335190255390336	0.0019456445632843684	0.05660339581016134	1.0126746089737542	PageRank05	matched	27
0.17614552030251154	0.03820838702746618	0.26570572087319694	1.1330247532591677	InDegreeStrength	true	27
0.1767780386851406	0.03689068486684222	0.26806428159207113	1.1337725293436185	InDegreeStrength	random	27
0.025684638986337216	0.0011894006688673772	0.03031777922613089	0.9747925640756332	InDegreeStrength	matched	27
0.29275224185929893	0.09666334225918131	0.40732171109615467	0.9963584178264816	Rank	true	27
0.29529033157966034	0.09396799495705394	0.4103887254719922	0.9963698085012379	Rank	random	27
0.2524960232084608	0.06643211367294027	0.3655588727661784	0.9968977536840109	Rank	matched	27
0.23020393207087272	0.06213638750689393	0.33380502517266153	1.177990506356358	PageRank	true	28
0.23246324204905738	0.06039624041898956	0.3376701404709251	1.1782498031117823	PageRank	random	28
0.034185165861311574	0.0019847834475117724	0.05762889496494327	1.0129729928904605	PageRank	matched	28
0.22082799259592523	0.056681618729456526	0.3231718831069175	1.1300114152804888	PageRank05	true	28
0.22300683297198637	0.05520321853939176	0.32707818364390456	1.1302784472626943	PageRank05	random	28
0.03275763232612965	0.0018153873911825372	0.05521376364169356	1.0124169869029283	PageRank05	matched	28
0.17606399382163235	0.03820838702746618	0.26570572087319694	1.1330247532591677	InDegreeStrength	true	28
0.17749508369995468	0.037057547823729796	0.2690633184062666	1.1347854057810423	InDegreeStrength	random	28
0.024144249647178134	0.0009828348832163472	0.02766721889397886	0.9761819448368134	InDegreeStrength	matched	28
0.29284616232501864	0.09666334225918131	0.40732171109615467	0.9963584178264816	Rank	true	28
0.2961412998909984	0.09472989612571847	0.4111340005391803	0.9963609919308744	Rank	random	28
0.25273751836294267	0.06637129789169935	0.3659269496982378	0.9968922016121191	Rank	matched	28
0.23025298721983778	0.06213638750689393	0.33380502517266153	1.177990506356358	PageRank	true	29
0.23310506582889134	0.0606753329024201	0.338514970615235	1.1791122651881043	PageRank	random	29
0.03441858752518222	0.0019831329850759287	0.057670046974566624	1.0125682174259718	PageRank	matched	29
0.22084682851202264	0.056681618729456526	0.3231718831069175	1.1300114152804888	PageRank05	true	29
0.22354295986570064	0.055381289063343275	0.3278343583035433	1.130679774839486	PageRank05	random	29
0.03305500886716577	0.0018251067035495389	0.05546021184649757	1.0124326565784165	PageRank05	matched	29
0.1760941338129635	0.03820838702746618	0.26570572087319694	1.1330247532591677	InDegreeStrength	true	29
0.17830261098793884	0.037225487343359905	0.27029999101954727	1.1359507024905515	InDegreeStrength	random	29
0.025473011364702057	0.0010856007325920276	0.029430879119832054	0.9776135191769144	InDegreeStrength	matched	29
0.29270227854455927	0.09666334225918131	0.40732171109615467	0.9963584178264816	Rank	true	29
0.2962944354310569	0.09455744290458357	0.4115738534088947	0.9963529356679222	Rank	random	29
0.25268035797158434	0.06622700532966976	0.36602377045022755	0.9968850520214808	Rank	matched	29
0.23026848245730355	0.06213638750689393	0.33380502517266153	1.177990506356358	PageRank	true	30
0.2317974618065272	0.06000792176783032	0.3368592271147159	1.1775937090673894	PageRank	random	30
0.03431251190979583	0.0019731390004544607	0.057920298126866145	1.013176439392698	PageRank	matched	30
0.2207783109393699	0.056681618729456526	0.3231718831069175	1.1300114152804888	PageRank05	true	30
0.22226401049567257	0.054718832597367775	0.3262322370568895	1.1299343724968383	PageRank05	random	30
0.032716889591171854	0.0017743869716421478	0.055333760360503616	1.0126488315003255	PageRank05	matched	30
0.17611169039214247	0.03820838702746618	0.26570572087319694	1.1330247532591677	InDegreeStrength	true	30
0.1767688973191273	0.03678860900030912	0.2681041894270777	1.13279977054833	InDegreeStrength	random	30
0.025213555536672365	0.001102195761018877	0.029665224328663656	0.9788267135520169	InDegreeStrength	matched	30
0.29267411208940974	0.09666334225918131	0.40732171109615467	0.9963584178264816	Rank	true	30
0.2958875695150171	0.09422333533079078	0.41111288448182975	0.9963620752479634	Rank	random	30
0.25229208001321884	0.06633619416174533	0.36529583300166313	0.9968975862668943	Rank	matched	30
0.23019699000418808	0.06213638750689393	0.33380502517266153	1.177990506356358	PageRank	true	31
0.23185776582250775	0.0600436197039308	0.33701115866040066	1.1778769943274772	PageRank	random	31
0.033118640637447266	0.0018750898947445785	0.0557158765159385	1.012091274215259	PageRank	matched	31
0.22089754676474002	0.056681618729456526	0.3231718831069175	1.1300114152804888	PageRank05	true	31
0.2223973644639947	0.054794811466693495	0.32645001301745286	1.1299560618239768	PageRank05	random	31
0.03182996839091693	0.0017192594111607826	0.05361021859692097	1.0119177369810235	PageRank05	matched	31
0.17608085135338794	0.03820838702746618	0.26570572087319694	1.1330247532591677	InDegreeStrength	true	31
0.17672794766302294	0.03666764971697518	0.2681732648476037	1.1303732926806016	InDegreeStrength	random	31
0.024494578026288103	0.0009943325780700839	0.027462986035050926	0.9753430307487639	InDegreeStrength	matched	31
0.2927481475125464	0.09666334225918131	0.40732171109615467	0.9963584178264816	Rank	true	31
0.29636857902180147	0.09443479355465473	0.41176692980827717	0.9963498888405328	Rank	random	31
0.2516773619952041	0.06558686522356212	0.3649623323629325	0.9968996327444256	Rank	matched	31
0.2302060920861206	0.06213638750689393	0.33380502517266153	1.177990506356358	PageRank	true	32
0.23240388068895715	0.060212145314254104	0.3377606258721588	1.1786602273764295	PageRank	random	32
0.0336941550100556	0.001972697095880279	0.056729833693893957	1.0123660061425344	PageRank	matched	32
0.2208406000478703	0.056681618729456526	0.3231718831069175	1.1300114152804888	PageRank05	true	32
0.22289555335245592	0.05497197496931555	0.327132201889339	1.1303659181807348	PageRank05	random	32
0.03225209881573016	0.0017739150940075097	0.05428064769007985	1.012066037383061	PageRank05	matched	32
0.1760988754490861	0.03820838702746618	0.26570572087319694	1.1330247532591677	InDegreeStrength	true	32
0.17752342496128232	0.03688181675914546	0.269328900892991	1.136567103339622	InDegreeStrength	random	32
0.02503592541764238	0.0010966036001025714	0.028852647280876522	0.9800972369480048	InDegreeStrength	matched	32
0.2929114725989377	0.09666334225918131	0.40732171109615467	0.9963584178264816	Rank	true	32
0.2959691475920714	0.09432682553099438	0.41124771764268064	0.9963582409955101	Rank	random	32
0.251619755449416	0.06573949370546048	0.3647107632409407	0.9969075182411747	Rank	matched	32
0.23024634861307813	0.06213638750689393	0.33380502517266153	1.177990506356358	PageRank	true	33
0.2328646295897324	0.060777165593503386	0.33804961878942774	1.178554396454899	PageRank	random	33
0.034133181813527064	0.001956295772211466	0.05758534497498109	1.0130078269093965	PageRank	matched	33
0.22082256889293084	0.056681618729456526	0.3231718831069175	1.1300114152804888	PageRank05	true	33
0.22350764896675948	0.05558235795409729	0.3276114789524075	1.1304420630290273	PageRank05	random	33
0.03222910685371436	0.001741319853883264	0.054500039708844455	1.0123332730500236	PageRank05	matched	33
0.1760309107950182	0.03820838702746618	0.26570572087319694	1.1330247532591677	InDegreeStrength	true	33
0.17829475343256942	0.037581587840062575	0.26992932870036546	1.1358312964237944	InDegreeStrength	random	33
0.024680977342799393	0.0010222485426910268	0.028905660232264534	0.9761411793311393	InDegreeStrength	matched	33
0.2927051864911361	0.09666334225918131	0.40732171109615467	0.9963584178264816	Rank	true	33
0.29616419021302376	0.09445857968050156	0.4113926623606648	0.9963566591991546	Rank	random	33
0.2510749905895737	0.06546658526388997	0.3640580372765762	0.9969131843767779	Rank	matched	33
0.23020920050022822	0.06213638750689393	0.33380502517266153	1.177990506356358	PageRank	true	34
0.2326306687708168	0.060469734967720776	0.337930213535874	1.1786643438904718	PageRank	random	34
0.0343775325114713	0.0020146381377602303	0.05788592751720973	1.0129184941539522	PageRank	matched	34
0.22088498717703245	0.056681618729456526	0.3231718831069175	1.1300114152804888	PageRank05	true	34
0.22307085420390071	0.055163351878672384	0.3272514953731549	1.1303779547862982	PageRank05	random	34
0.03257043894407092	0.0018109125328515778	0.05489756336429884	1.0122772356050982	PageRank05	matched	34
0.17608293202527794	0.03820838702746618	0.26570572087319694	1.1330247532591677	InDegreeStrength	true	34
0.1776161044611982	0.037062520088347595	0.26929654445218654	1.1357455330049682	InDegreeStrength	random	34
0.025343918907792223	0.0011002548729878527	0.029827906255397885	0.9731674786916208	InDegreeStrength	matched	34
0.2927661126436019	0.09666334225918131	0.40732171109615467	0.9963584178264816	Rank	true	34
0.2961855246316275	0.09455069705694931	0.41139845805068065	0.9963562234262618	Rank	random	34
0.2525790932601065	0.06636475057106286	0.3657781880476286	0.9968879764120138	Rank	matched	34
0.23015095402072996	0.06213638750689393	0.33380502517266153	1.177990506356358	PageRank	true	35
0.23204325091375697	0.06007626004630506	0.33731869928865343	1.178266777824009	PageRank	random	35
0.03427752664230123	0.0019471318261064393	0.05767136248407678	1.0129016787048317	PageRank	matched	35
0.22068391179514374	0.056681618729456526	0.3231718831069175	1.1300114152804888	PageRank05	true	35
0.22251964053621925	0.0548177841181982	0.3266757096425427	1.1300020673833822	PageRank05	random	35
0.03256325824709887	0.0017327790628156332	0.05489200079795674	1.0124898142088945	PageRank05	matched	35
0.17607009768298104	0.03820838702746618	0.26570572087319694	1.1330247532591677	InDegreeStrength	true	35
0.17703968355830677	0.03679332520498707	0.2685955677216353	1.1331052291847876	InDegreeStrength	random	35
0.024825296700469852	0.001022839630338922	0.0290018970138813	0.9789288813833228	InDegreeStrength	matched	35
0.2926768991616461	0.09666334225918131	0.40732171109615467	0.9963584178264816	Rank	true	35
0.29585851168798716	0.09419357726516406	0.41110099262914856	0.9963627828432877	Rank	random	35
0.2507356585637058	0.06515787025588662	0.36377951064222475	0.9969167728805958	Rank	matched	35
0.23022263936220927	0.06213638750689393	0.33380502517266153	1.177990506356358	PageRank	true	36
0.23223126870240252	0.06025899017895877	0.3374849588860305	1.178294144561832	PageRank	random	36
0.034798194469192155	0.0020201942495866694	0.058530762498330245	1.0131771223179589	PageRank	matched	36
0.2208135921246441	0.056681618729456526	0.3231718831069175	1.1300114152804888	PageRank05	true	36
0.2226504625218508	0.054951593534581664	0.3267870080501696	1.129949669149345	PageRank05	random	36
0.03316522657633141	0.001817906214260794	0.055832912804428224	1.0126539669517927	PageRank05	matched	36
0.17608984776749725	0.03820838702746618	0.26570572087319694	1.1330247532591677	InDegreeStrength	true	36
0.17717204471901557	0.0369378341544917	0.268697941365927	1.1349000595716738	InDegreeStrength	random	36
0.024857217600175	0.001070728236072731	0.029248469104567926	0.978530072283254	InDegreeStrength	matched	36
0.2927888460977068	0.09666334225918131	0.40732171109615467	0.9963584178264816	Rank	true	36
0.2966503905598808	0.09476990945906458	0.4119264690551377	0.9963513745345917	Rank	random	36
0.25207458027149227	0.06590468358378136	0.36533639765845327	0.9968918638968298	Rank	matched	36
0.23020046965917676	0.06213638750689393	0.33380502517266153	1.177990506356358	PageRank	true	37
0.23152227524971775	0.06030710084953226	0.3362294197494023	1.176658271984612	PageRank	random	37
0.03394524894537182	0.002020753464826	0.05692815971575239	1.0122452671318354	PageRank	matched	37
0.2208373598915635	0.056681618729456526	0.3231718831069175	1.1300114152804888	PageRank05	true	37
0.22219566250407619	0.0551238299558401	0.32582880137112724	1.129341190812991	PageRank05	random	37
0.0326731808286038	0.0018470637418360487	0.05481840379509907	1.0121228140196517	PageRank05	matched	37
0.17608534865940056	0.03820838702746618	0.26570572087319694	1.1330247532591677	InDegreeStrength	true	37
0.17631716518508456	0.0369026065602703	0.26725112029437226	1.1339501706332935	InDegreeStrength	random	37
0.025526798433751503	0.001145329476817058	0.028831337907689446	0.9769042124907101	InDegreeStrength	matched	37
0.2926485188075975	0.09666334225918131	0.40732171109615467	0.9963584178264816	Rank	true	37
0.2958712166927353	0.09441583949867867	0.4109482677376104	0.9963623473043801	Rank	random	37
0.2523260157857031	0.06613625493669736	0.3655248480937282	0.9968922184484412	Rank	matched	37
0.23013570380145643	0.06213638750689393	0.33380502517266153	1.177990506356358	PageRank	true	38
0.23218960243023457	0.06027712569018805	0.33731932956220995	1.1780430687028989	PageRank	random	38
0.03407285781816702	0.0019916352284115035	0.05743064068694491	1.012660126054842	PageRank	matched	38
0.22077318411638433	0.056681618729456526	0.3231718831069175	1.1300114152804888	PageRank05	true	38
0.22281243078185853	0.055046314436190354	0.32689887072576773	1.1301472038522673	PageRank05	random	38
0.032447973210998925	0.0017704831098730067	0.05476749017575681	1.0123261085821147	PageRank05	matched	38
0.1760332415093246	0.03820838702746618	0.26570572087319694	1.1330247532591677	InDegreeStrength	true	38
0.17727015856002343	0.036908387226099876	0.26885756684958134	1.134937158398711	InDegreeStrength	random	38
0.024251755645902116	0.0009862690156540797	0.027793723694546583	0.97754639559967	InDegreeStrength	matched	38
0.29271333783389575	0.09666334225918131	0.40732171109615467	0.9963584178264816	Rank	true	38
0.29619815373387864	0.09442661658099112	0.4114947072714275	0.9963553009881955	Rank	random	38
0.2516042789078462	0.06568119800982362	0.36475635702725956	0.9969057583826587	Rank	matched	38
0.2302994468337864	0.06213638750689393	0.33380502517266153	1.177990506356358	PageRank	true	39
0.23240586393691026	0.06026169722288392	0.3377464283615993	1.1785791111562332	PageRank	random	39
0.035363532234133896	0.0021288321069605196	0.05959691843267622	1.0136352532181678	PageRank	matched	39
0.2209240115139942	0.056681618729456526	0.3231718831069175	1.1300114152804888	PageRank05	true	39
0.22300068454671654	0.05508086718742297	0.3272283690446332	1.1302645793452575	PageRank05	random	39
0.03398750673902728	0.00195842075848701	0.05739246881324299	1.0130484651867555	PageRank05	matched	39
0.17614417676455293	0.03820838702746618	0.26570572087319694	1.1330247532591677	InDegreeStrength	true	39
0.17720639703441315	0.036815896388191834	0.26887530812252997	1.1307723457501366	InDegreeStrength	random	39
0.025425419030826093	0.001179318060076141	0.030424250158366323	0.982911930828487	InDegreeStrength	matched	39
0.29278382444747925	0.09666334225918131	0.40732171109615467	0.9963584178264816	Rank	true	39
0.29669821343688674	0.09473368221810322	0.4120363350846759	0.9963493109941899	Rank	random	39
0.2526925434249006	0.06613749718028532	0.36612828800145863	0.9968860932239572	Rank	matched	39
0.23019886652936988	0.06213638750689393	0.33380502517266153	1.177990506356358	PageRank	true	40
0.232964992011337	0.06066132492522543	0.3383059923416884	1.1789295681486807	PageRank	random	40
0.03444629606366729	0.0019905265464892938	0.0580024480107776	1.013145284176288	PageRank	matched	40
0.2208480916886322	0.056681618729456526	0.3231718831069175	1.1300114152804888	PageRank05	true	40
0.2234686014058858	0.05543619568796567	0.32767506282331205	1.130486782389915	PageRank05	random	40
0.03285671505307184	0.0017806300929007163	0.05544565735259745	1.012641100900087	PageRank05	matched	40
0.17618105105947174	0.03820838702746618	0.26570572087319694	1.1330247532591677	InDegreeStrength	true	40
0.1779170225770946	0.03722434868056089	0.26964979773745296	1.132786428722211	InDegreeStrength	random	40
0.02431562834928631	0.001016000212576312	0.028458158380073244	0.9747672989225104	InDegreeStrength	matched	40
0.2928545007118087	0.09666334225918131	0.40732171109615467	0.9963584178264816	Rank	true	40
0.29681319364063724	0.09496893639897738	0.4120597620670754	0.9963467557350314	Rank	random	40
0.252248107570367	0.06605050767968272	0.3655209595784501	0.9968876829303064	Rank	matched	40
0.2302362151563107	0.06213638750689393	0.33380502517266153	1.177990506356358	PageRank	true	41
0.2315650944354487	0.05996429330282788	0.33662337692152916	1.177605560023926	PageRank	random	41
0.03397903090395238	0.001990950998959356	0.05705650567155511	1.0125335137860945	PageRank	matched	41
0.2209007029592676	0.056681618729456526	0.3231718831069175	1.1300114152804888	PageRank05	true	41
0.22202038307229885	0.054643507078395985	0.3260098758278262	1.1296227852904184	PageRank05	random	41
0.032269979894020424	0.0017955771630161993	0.05435057872593311	1.0120906449924705	PageRank05	matched	41
0.1761332784935258	0.03820838702746618	0.26570572087319694	1.1330247532591677	InDegreeStrength	true	41
0.17657619332114435	0.03663826127508134	0.2679988605290118	1.1337944680014873	InDegreeStrength	random	41
0.02509224631388321	0.0011084632515271347	0.028481392199894776	0.9752513858475311	InDegreeStrength	matched	41
0.29281665676787005	0.09666334225918131	0.40732171109615467	0.9963584178264816	Rank	true	41
0.2953005047084506	0.0938907810374886	0.41050667826630793	0.9963676286421375	Rank	random	41
0.2525536848901248	0.06629166168741384	0.36576182453178313	0.9968934170132758	Rank	matched	41
0.2301700952700273	0.06213638750689393	0.33380502517266153	1.177990506356358	PageRank	true	42
0.23163496010496187	0.060086090810687554	0.3365987154316598	1.177282672053035	PageRank	random	42
0.03530597126486843	0.0021189043825771813	0.059594141353525226	1.0136705146488412	PageRank	matched	42
0.22084044712348389	0.056681618729456526	0.3231718831069175	1.1300114152804888	PageRank05	true	42
0.22219820963581047	0.05491086151830918	0.32603318369934636	1.1295443184439142	PageRank05	random	42
0.03370766228302374	0.0019277670269631298	0.05695459469125816	1.0129168019384458	PageRank05	matched	42
0.17614167335531142	0.03820838702746618	0.26570572087319694	1.1330247532591677	InDegreeStrength	true	42
0.1766992296594973	0.03686679047098787	0.267914571633322	1.129641720247971	InDegreeStrength	random	42
0.0250381731264658	0.0011169529967619918	0.029386112154544477	0.9740661392553409	InDegreeStrength	matched	42
0.29273399652326504	0.09666334225918131	0.40732171109615467	0.9963584178264816	Rank	true	42
0.29648674513934276	0.09484290543007447	0.4116326362001773	0.9963522398078164	Rank	random	42
0.25290472121243757	0.06645189956131708	0.3661807417833089	0.9968859056991043	Rank	matched	42
0.23017445673173523	0.06213638750689393	0.33380502517266153	1.177990506356358	PageRank	true	43
0.23248426139704367	0.06052450825139981	0.33760472515744416	1.1781131963025866	PageRank	random	43
0.03419217576266662	0.002100756557400981	0.05745781237766443	1.0122814375710705	PageRank	matched	43
0.22089053290298433	0.056681618729456526	0.3231718831069175	1.1300114152804888	PageRank05	true	43
0.22301117619792502	0.05529634468918943	0.32701901409971723	1.1301342501877956	PageRank05	random	43
0.03256230478550923	0.0019022842879890679	0.054812118424850294	1.0119546812916813	PageRank05	matched	43
0.17611915704387313	0.03820838702746618	0.26570572087319694	1.1330247532591677	InDegreeStrength	true	43
0.17760282763879148	0.037212884099928824	0.2690927618761724	1.1328079761051506	InDegreeStrength	random	43
0.025362447748438474	0.0011469035720713125	0.02899695417645407	0.9768677025107926	InDegreeStrength	matched	43
0.29260153265348304	0.09666334225918131	0.40732171109615467	0.9963584178264816	Rank	true	43
0.2965436629296251	0.09475053839722052	0.41181331092185	0.9963503493502827	Rank	random	43
0.25180819052759673	0.06623053084884838	0.3645645243503463	0.9969108491703659	Rank	matched	43
0.2302204991762675	0.06213638750689393	0.33380502517266153	1.177990506356358	PageRank	true	44
0.23333661098024466	0.060711142473328816	0.33887222002066625	1.1795557960218506	PageRank	random	44
0.03435373975383679	0.0020058469100613253	0.057912452750481125	1.0129789471442034	PageRank	matched	44
0.22076980587222453	0.056681618729456526	0.3231718831069175	1.1300114152804888	PageRank05	true	44
0.22381944685540517	0.05545137808394459	0.3282418007573306	1.1309261599524012	PageRank05	random	44
0.03274340896085818	0.0018030594792409905	0.05528976756561646	1.012513429426693	PageRank05	matched	44
0.17608155515997692	0.03820838702746618	0.26570572087319694	1.1330247532591677	InDegreeStrength	true	44
0.17811385390647114	0.03725045459066094	0.26994839124476677	1.136008327675467	InDegreeStrength	random	44
0.024394142866177988	0.0010324630417906334	0.028697932781731918	0.976203537144601	InDegreeStrength	matched	44
0.29278358417718975	0.09666334225918131	0.40732171109615467	0.9963584178264816	Rank	true	44
0.2958290425108132	0.09423674068267363	0.41108026298807904	0.9963613727943682	Rank	random	44
0.2512843700752779	0.06544228376562336	0.3644975335344366	0.9969006476487091	Rank	matched	44
0.2302940790833832	0.06213638750689393	0.33380502517266153	1.177990506356358	PageRank	true	45
0.23148101997278125	0.05990943383685435	0.33655892397192694	1.1775000416641785	PageRank	random	45
0.03447107065319918	0.002068149048458091	0.058242531877055484	1.0130939998035409	PageRank	matched	45
0.22075753558522182	0.056681618729456526	0.3231718831069175	1.1300114152804888	PageRank05	true	45
0.22214353259810485	0.05476919308554389	0.3261116634823269	1.1295648773239715	PageRank05	random	45
0.03322899036343726	0.0018997754225550123	0.05614649518916604	1.0126444113807969	PageRank05	matched	45
0.17610953649070976	0.03820838702746618	0.26570572087319694	1.1330247532591677	InDegreeStrength	true	45
0.17647072626184415	0.036663381892982946	0.26778636207061196	1.132451316500535	InDegreeStrength	random	45
0.02464994812299934	0.00109228078307406	0.029032502914215347	0.9735657100366635	InDegreeStrength	matched	45
0.29283322585036026	0.09666334225918131	0.40732171109615467	0.9963584178264816	Rank	true	45
0.295962055620517	0.09422764080247462	0.4112315299561192	0.9963587481784507	Rank	random	45
0.25290000319055533	0.06661815530653725	0.3660010654209724	0.9968935173564808	Rank	matched	45
0.23010513275424255	0.06213638750689393	0.33380502517266153	1.177990506356358	PageRank	true	46
0.23216381833707472	0.06031753131421024	0.3372842889775911	1.1778513765899934	PageRank	random	46
0.033322816410051914	0.0019272055306266771	0.056136343838004685	1.0121234137208246	PageRank	matched	46
0.22087247804588223	0.056681618729456526	0.3231718831069175	1.1300114152804888	PageRank05	true	46
0.22274842447234086	0.05513297569392311	0.3267477117435935	1.129974175283261	PageRank05	random	46
0.0316792708516556	0.0017312335715291742	0.05340369488208239	1.0118064196723457	PageRank05	matched	46
0.17604057700295347	0.03820838702746618	0.26570572087319694	1.1330247532591677	InDegreeStrength	true	46
0.17706459680909067	0.03690281916799142	0.26852227200835455	1.1321998246918865	InDegreeStrength	random	46
0.025259668200585082	0.001098457975041987	0.029023442624804455	0.9738256077091381	InDegreeStrength	matched	46
0.2928537398280743	0.09666334225918131	0.40732171109615467	0.9963584178264816	Rank	true	46
0.2954118285727266	0.0939592060656509	0.41060409453281393	0.9963685541281286	Rank	random	46
0.2512054995868765	0.06553329206649627	0.3642534482839727	0.996909857178004	Rank	matched	46
0.23022752394078194	0.06213638750689393	0.33380502517266153	1.177990506356358	PageRank	true	47
0.23316671844877995	0.060960470151886735	0.3383203143789237	1.1785999475697861	PageRank	random	47
0.034062050555506554	0.001985987923806984	0.05753086443449471	1.0127876949950838	PageRank	matched	47
0.2208131643277197	0.056681618729456526	0.3231718831069175	1.1300114152804888	PageRank05	true	47
0.22369184375059828	0.05568188274070633	0.32776481253487927	1.1306115971763329	PageRank05	random	47
0.03239517722867054	0.001794968511772648	0.05480595188153229	1.0123097953297373	PageRank05	matched	47
0.17608439879696802	0.03820838702746618	0.26570572087319694	1.1330247532591677	InDegreeStrength	true	47
0.17816294631578444	0.03742837789591899	0.2698405447022637	1.1339077845235224	InDegreeStrength	random	47
0.02525302359457591	0.0010974886095210486	0.029625939524414807	0.9731537778103131	InDegreeStrength	matched	47
0.29278476570687706	0.09666334225918131	0.40732171109615467	0.9963584178264816	Rank	true	47
0.29664861018347083	0.0949046022309514	0.411886986804681	0.9963478637563874	Rank	random	47
0.2520000156880004	0.06590163256764293	0.36518042513746213	0.9968977324034116	Rank	matched	47
0.2302754674008476	0.06213638750689393	0.33380502517266153	1.177990506356358	PageRank	true	48
0.2326232170586397	0.0605323313992139	0.33781823673993416	1.1783583924593792	PageRank	random	48
0.03505724809739763	0.002193537198323412	0.05905877524738318	1.0128559500947176	PageRank	matched	48
0.220853709738037	0.056681618729456526	0.3231718831069175	1.1300114152804888	PageRank05	true	48
0.2232251700608495	0.05530397945714326	0.327346104512401	1.1303533143247662	PageRank05	random	48
0.03355204813565694	0.0019955437246589863	0.056690685502303086	1.0125928874307333	PageRank05	matched	48
0.17614951507725543	0.03820838702746618	0.26570572087319694	1.1330247532591677	InDegreeStrength	true	48
0.17777614245099324	0.03720663765900554	0.2694200891010668	1.1316992582924372	InDegreeStrength	random	48
0.02597913240736635	0.0012085623509860894	0.030384120464726414	0.9722110045841559	InDegreeStrength	matched	48
0.29265027085946316	0.09666334225918131	0.40732171109615467	0.9963584178264816	Rank	true	48
0.2965473757871165	0.09473924299452051	0.41178172490206555	0.9963516588394734	Rank	random	48
0.25389954059762576	0.06716845080991128	0.3672362494394963	0.9968713881491551	Rank	matched	48
0.23014962131137437	0.06213638750689393	0.33380502517266153	1.177990506356358	PageRank	true	49
0.2322591480575217	0.06017541955795402	0.3375796961197377	1.1783210562295094	PageRank	random	49
0.03375588765530186	0.0018958022019561719	0.05716654410929425	1.0132213959654737	PageRank	matched	49
0.22085422528326412	0.056681618729456526	0.3231718831069175	1.1300114152804888	PageRank05	true	49
0.22285147310508305	0.055003241026901274	0.32703375343454094	1.1301631862393016	PageRank05	random	49
0.032183446425355276	0.0017192128481110264	0.054607203997072695	1.0124645448710947	PageRank05	matched	49
0.1761401903710821	0.03820838702746618	0.26570572087319694	1.1330247532591677	InDegreeStrength	true	49
0.1773838009631473	0.03683894940831756	0.26915253210483076	1.1328164817489457	InDegreeStrength	random	49
0.02411609733354284	0.0009894686707494248	0.027997010795750604	0.9751079662934952	InDegreeStrength	matched	49
0.29271772601771934	0.09666334225918131	0.40732171109615467	0.9963584178264816	Rank	true	49
0.2961594669644105	0.09436649115281745	0.4115096176908477	0.99635486675573	Rank	random	49
0.25244249003568053	0.06589572133151808	0.3659708788664705	0.9968830100809126	Rank	matched	49
