node_id,closeness,betweenness,pagerank,eigenvector,gender
2712013069,0.3256601218686527,0.037160950038833275,0.007015414016584677,0.11094934932857342,1
2645939139,0.3428367783321454,0.07534866296713874,0.008759743054199172,0.14347556716162926,1
2628687125,0.3276566757493188,0.04842055502957011,0.0066199841321295735,0.1335106400022424,1
2584076595,0.23304263565891473,0.005561947037072255,0.0030065334052464085,0.011838195635848668,1
2197969222,0.3586875466070097,0.08031648411313332,0.011033250482462294,0.1932581799638477,1
2407131562,0.3720030935808198,0.1347783135936279,0.01854893835706942,0.21976022174341645,1
2667279762,0.35212298682284043,0.09538530148513356,0.011026354739889159,0.18439327580561626,0
2568769671,0.3643939393939394,0.06959677205161191,0.00911097618123746,0.20689147907517152,0
2516584669,0.29987531172069826,0.02134005868697955,0.004142620044144684,0.06495361676180117,1
2136292850,0.3611111111111111,0.10183984363680647,0.012349190845029858,0.2139787295993034,0
2311915890,0.30327868852459017,0.03098938905452038,0.004762012867900857,0.08884610947602918,0
2574376341,0.3477946493130875,0.04607958344698121,0.005098637522127351,0.17227397596735877,1
2398713799,0.30443037974683546,0.02667776684028569,0.003958076068223711,0.08320469026467919,1
2170886940,0.3052030456852792,0.020513878647451935,0.004056548357949914,0.09166013381019669,0
2442685316,0.3129472999349382,0.03301592081054422,0.004844784417411698,0.11834036929585923,0
2667976094,0.3480463096960926,0.0867960819198243,0.009213448926487662,0.1576423015863891,0
2705298369,0.275802752293578,0.005312087792376168,0.0012326544586403472,0.04278735555532853,0
2626568065,0.30892742453436095,0.030602149254576362,0.005471481655141614,0.08006419553643576,1
2017489135,0.3193891102257636,0.026431713638966795,0.0052354560498324605,0.11470462604882395,0
2698261612,0.31896551724137934,0.03307707312017565,0.007310914053801424,0.1090660538236382,1
2120740697,0.32434254888739045,0.02368034679117424,0.005168108150163691,0.11754155651910127,1
2503886952,0.27329545454545456,0.0059330048273289054,0.0021269712216632807,0.046362019216189924,0
1985051872,0.32478055367994596,0.04834156719263282,0.010486166627095075,0.12406638981681524,0
2720256652,0.2941896024464832,0.02906337994451397,0.004347583583020884,0.04995146934438662,1
2648359013,0.30992268041237114,0.010443578120687311,0.0028580125653215097,0.09283196571122775,0
2763184330,0.30500951173113505,0.024227593622009172,0.0042560288060866725,0.08364330792571675,1
2291385674,0.2527588018917499,0.010977367114731655,0.003702539602159348,0.022594257052455574,0
2124389000,0.3389711064129669,0.04095079549736425,0.006312236020924408,0.14599799798002291,1
2721387369,0.323252688172043,0.020113983829269325,0.00482800341007771,0.12169177247616862,1
1983971280,0.2531578947368421,0.012561500018165438,0.00257232780084343,0.018997251066875897,1
2403676872,0.31092436974789917,0.022781884750540514,0.006407809459631616,0.0925631522957302,1
2622553110,0.29347162904209884,0.017707615691172823,0.0032901117189757913,0.06771745306177221,1
2660308668,0.28294117647058825,0.02049278794638918,0.0037260622126675694,0.048136061637179525,0
2644768445,0.3077415227127319,0.006997726197503901,0.002257830833961996,0.08420200772661966,1
2058743882,0.2711386696730552,0.003459606751353342,0.001475285929090941,0.03702809987720925,0
2241352750,0.2715979672501412,0.003623278014061672,0.001341550764096186,0.03920200607479957,1
558405977,0.2972805933250927,0.05174380847710768,0.006726781495685685,0.06770681760620093,1
2714999516,0.27691421991940124,0.014460491113360986,0.004581629060767254,0.04858641465668537,1
2702035394,0.3170731707317073,0.005035268326353718,0.00249825224352366,0.11652015057884967,1
2712496749,0.2856294536817102,0.008873420779223392,0.0025985001242918317,0.052492267874220754,0
2677587030,0.284111045481394,0.0089742763742907,0.002355836512337286,0.0489513924487951,1
2640981244,0.3036616161616162,0.019345234593521093,0.005893166209154003,0.078864823462529,1
2480658237,0.2831077104178929,0.011514885608873695,0.004132313175473103,0.05100290196967455,1
2582300632,0.25832438238453276,0.003812320885909936,0.0009842104645120951,0.02256663517795191,1
2656136277,0.2778740612362796,0.010590174725389813,0.0024027706156802948,0.04009340496075479,1
2328490535,0.27723342939481266,0.007638901037222853,0.0032184178754768845,0.036869709768889786,1
2671464512,0.2764367816091954,0.01129155387538673,0.004567018951947292,0.05486441031353073,1
2720665328,0.29673041332510797,0.01765630423037758,0.003844822203285258,0.06554123721678821,0
2108263635,0.2978328173374613,0.007374684257696706,0.003749625528289648,0.06414392553945285,1
2635167833,0.2915151515151515,0.0163752587476296,0.004817609478319054,0.0633832677333163,1
2670258529,0.296,0.0032564469565013756,0.0020246729069048233,0.07331713867996179,1
268193598,0.24428643981716608,0.0074737596620533305,0.0027100901977011433,0.017333941192484627,0
2549104127,0.302706104468219,0.012863995788137938,0.00289548126732534,0.07288261234963837,0
2538555096,0.30404551201011376,0.019966637089787003,0.00290602389429931,0.08289764876487107,1
2565024728,0.25422832980972515,0.006671160090823902,0.0018211471918305052,0.02674544706281013,1
2714880728,0.28888888888888886,0.016975190391243847,0.005268874515895633,0.06315495525809443,0
2708559066,0.30833333333333335,0.016772416217771917,0.006470183804620603,0.08025343708373314,0
2344475303,0.2791642484039466,0.012911497797253013,0.0032014828580609516,0.04729777197951814,0
2723485803,0.2915151515151515,0.007213464332747289,0.002310470560298654,0.05466846235979264,1
1980298063,0.2712915961646926,0.009681152338517065,0.00250489618321809,0.04503268102830358,1
2409977475,0.2899336949969861,0.010844145308032608,0.004001643342166463,0.054924430466512804,1
2702181857,0.18199016269390844,0.0018837091570883036,0.0010150189900283305,0.0012841653165105889,1
2682042275,0.2924012158054711,0.023036684598536555,0.006089601030963411,0.048323319698308616,1
2671499079,0.3202396804260985,0.029932546232349644,0.007799501045793387,0.1052863525405882,1
2036718543,0.27932636469221833,0.009662777102381464,0.0027279577213283127,0.04520825808226642,1
2681288981,0.2401397903145282,0.00586445134745317,0.00149921009172782,0.016820892489453954,1
2570779242,0.2765957446808511,0.014451217587831643,0.003636988375370708,0.04001264330429703,0
2651144477,0.2594390507011866,0.016416719422221802,0.003555790048243502,0.022353594461509356,1
2434756577,0.27611940298507465,0.006823642422659413,0.004696513035834837,0.04806158737399158,0
2115151116,0.2958179581795818,0.011341428272883048,0.004010942351266224,0.08016036511720316,0
2263640741,0.2767548906789413,0.006736830985860473,0.0020313274473531904,0.04048107858047253,1
2603423007,0.2581857219538379,0.002206899031555511,0.001407871298481188,0.02543068863552361,1
2710181765,0.29473039215686275,0.02468804792480482,0.005899253412556049,0.05718041165589642,1
2745498172,0.2871641791044776,0.011609696117113474,0.00312512036952143,0.054509618605046245,1
2601995269,0.2480660134089737,0.0013853404431646813,0.001072608425928251,0.01881098288515149,1
2625165791,0.2868217054263566,0.006050126349327941,0.002356963790454274,0.054091181410680006,0
2673781332,0.2520964360587002,0.014826149949707733,0.004533008646760683,0.02464501755897952,0
2223683439,0.275802752293578,0.0018590669846976146,0.0016993860487585868,0.043681989507293496,1
2306921758,0.28394332939787487,0.015339678171368599,0.0034796765162973505,0.057829383260126134,1
2155223584,0.24628776241679468,0.0028285178583557676,0.0017354546609335158,0.018467275976756025,1
2317166324,0.27485714285714286,0.008392852475696067,0.002668729972552912,0.041660509889220695,1
2710824239,0.281615925058548,0.011899527247565914,0.004842426270409099,0.06708566626089281,1
2361845999,0.2747001713306682,0.003708055109056349,0.0015804867512396667,0.03941950878051324,1
2697739907,0.2745433789954338,0.0061840775878098725,0.0018881895506734263,0.03460409327017785,1
2627682313,0.2978328173374613,0.0036749351210686745,0.002022567810191754,0.06012460609971011,0
2660257298,0.2594390507011866,0.004143239493471145,0.0016989554896660426,0.027403799066596093,1
2552138939,0.2821114369501466,0.0060203241371739056,0.002448349720528792,0.05907169377502014,1
1508446771,0.18282022044849866,0.0008358058422213113,0.0005249116939398683,0.0012837492092937462,1
2261372559,0.250130005200208,0.005497980255803733,0.0020580804962303254,0.02060136231579476,1
2240954930,0.2834413671184443,0.0051974623486444336,0.0017602001890977032,0.046660147261253705,1
2673968556,0.2675194660734149,0.004315924024057385,0.002475659625773643,0.037191559911075756,1
2166431983,0.2409819639278557,0.014608098169262722,0.0034698122634076517,0.013825644574145094,1
2019137709,0.27627800114876505,0.008570136678176061,0.002522349389037381,0.04757051662252908,1
2418502933,0.24122367101303913,0.0009952188836220143,0.0010153968112239205,0.012484061714947602,1
2223005991,0.25355824986821296,0.0031727911488552245,0.001321382327253924,0.02205344147604118,0
2644831319,0.2883693045563549,0.0008481303550983249,0.0016172887088781646,0.05949905514425738,0
2717237418,0.2647220693450743,0.0020923154010088585,0.0014839581941775328,0.030971435560275297,0
2719845790,0.23225494929985513,0.0020410142543161734,0.0009657613292763583,0.012582569584007273,1
2615337233,0.30559085133418046,0.0049485633392473945,0.0022381873290075174,0.07793766715376521,1
2407115440,0.24870734229576008,0.007498432164040095,0.003054769762319791,0.01949807816433526,1
2672659168,0.29912935323383083,0.010312447408727846,0.0026353901038073664,0.068827746260426,0
2270341917,0.2484504132231405,0.0032905612155119893,0.001315767666282878,0.023018125994688915,1
1218396385,0.2806301050175029,0.004871616326781353,0.00176794546835136,0.04242232172291214,0
2508573730,0.1898184688239937,0.001153725144174117,0.0006830090537665053,0.002024141158749208,1
2616733504,0.2866507747318236,0.004950762917037352,0.002372337550644072,0.05858181908856054,1
2716966417,0.25262605042016806,0.0026031363815823367,0.0014567677471125457,0.02601736472328393,1
2241637053,0.22455648926237162,0.003925877966210508,0.0013850399103188709,0.009428229239061028,1
1664689381,0.27438676554478036,0.0007869988161210785,0.0016017468788057255,0.04128067132800889,1
2214803622,0.23349514563106796,0.0011231015594594619,0.0006298292233024021,0.01272230170451264,1
2624114239,0.2372964972866305,0.006345608220717234,0.0013810071574676978,0.015171753643765775,1
2114268367,0.23555337904015672,0.005412010151763482,0.0010913400393027023,0.011841965898335909,1
2703457164,0.26977005047672464,0.004059242522259652,0.002819915366050732,0.034253857778654806,1
2703791367,0.2213529682466636,0.0034500112308734894,0.001194065897469932,0.006977531762849572,1
2645776593,0.2972805933250927,0.0018084667598772058,0.0016517496133879768,0.07677638127912054,1
2762023282,0.27283040272263187,0.0058489543232706585,0.001561242205063172,0.04005423057335838,0
2486673285,0.2694677871148459,0.010741081399256357,0.0028681853990158287,0.0375150649803955,1
2156856336,0.2510438413361169,0.004087103119137476,0.0015300140196964648,0.0223715809573922,1
2692512365,0.2785176606832658,0.005248092539339569,0.0022021002675641425,0.041876476669002065,1
2079505807,0.2705286839145107,0.0019129294098290828,0.0011008692025816606,0.035406029079970786,1
2727149863,0.30481622306717365,0.004557651351882776,0.002050690735488205,0.08685471207371082,1
2416581115,0.29222357229647633,0.002075387275805533,0.0019658035386823257,0.06412774981963391,1
2663741741,0.2550371155885472,0.006138692203927129,0.00227994729624387,0.01922340313341881,1
2324143626,0.25585106382978723,0.005743696272108821,0.0026320753745559867,0.02289998070569791,0
2256960422,0.2781954887218045,0.0029507561607643243,0.001857646772217775,0.037421868898011655,1
2128795423,0.2555791710945802,0.00247659377077544,0.0012716721281184418,0.022414632122835575,0
2611393483,0.2764367816091954,0.009036271875877775,0.0045618073840857,0.04299867605522594,1
2518651378,0.24819401444788441,0.007419255227591822,0.002787795191039978,0.018783680659822128,1
2682133069,0.18996840442338073,0.0008959466691196944,0.0009446505164721512,0.0017471032739068211,1
2664698477,0.24768280123583933,0.0017230906475853326,0.0011280457719123607,0.017847522785130125,1
298899553,0.24755532681420483,0.007448102412658856,0.002094114172651316,0.020156040140867814,0
2684704197,0.26737076153418565,0.0053810370169402166,0.002473531848695817,0.03311052831106989,0
2616268013,0.2837758112094395,0.007831697724451556,0.0029589399379109198,0.04546537429492021,0
2631363751,0.2619825708061002,0.007030590871929802,0.0022766976541320947,0.02961044203506743,1
2251378385,0.26961883408071746,0.006500380966201301,0.0013545782855542954,0.030743334643707307,0
2166166569,0.2273156899810964,0.0031270674080031767,0.0016402673969491454,0.010242458262446203,0
2489435862,0.23259187620889749,0.0024792724282416646,0.0012359538235074492,0.011774162856879926,1
2596328386,0.24342105263157895,0.007524610737047874,0.003230073389899209,0.019847438840975107,1
2658143009,0.3030875866414619,0.010124609737263493,0.0031305938473028673,0.0779453670803539,0
2462928275,0.22340919647004182,0.003839280401809797,0.0007980060845534155,0.008365310688082467,1
2436875536,0.2922983626440267,0.0,0.0019435913256140142,0.05559151678228531,0
2674683498,0.29383017715332926,0.004780936715033189,0.0038230751961848986,0.061782191273437904,1
2132306769,0.24243951612903225,0.004767175256373231,0.0019405124347138263,0.017375887581458683,1
2503922403,0.24025974025974026,0.0060557077872108265,0.0018502927088628672,0.011424210088848426,0
2593577837,0.2616974972796518,0.007598472464422429,0.003101368844358527,0.038958045163899335,1
2691075397,0.25530785562632696,0.001379864408417533,0.0012158469469595728,0.02508929760507212,0
2485675622,0.2691662003357583,0.0011838582973056032,0.0027926641993651145,0.03823622839339368,1
2527435594,0.2690156599552573,0.004218275980795973,0.0012875705103254662,0.03533408366232812,0
2265839076,0.23966118584952667,0.0031493115064183054,0.0019413364801044546,0.01809924686068382,1
2720165792,0.23847297967278136,0.0020781775580853866,0.0011962766724896347,0.014572827113206763,1
2726576457,0.20885801128962223,0.0029087900625583206,0.001286862904919825,0.004038823634744089,0
2286295664,0.233835683033544,0.005501801926415329,0.0019274550468058214,0.013190153817923388,1
2059076071,0.2520964360587002,0.005969302464720347,0.0019388446887423551,0.01984050830651032,1
2666544942,0.2629852378348824,0.0009421773286395872,0.0019046678853459377,0.028431759411535418,1
2318560977,0.28888888888888886,0.004330195090593098,0.0019765420706733933,0.04864502980035883,1
2617206563,0.2615551930396955,0.0066571907869765285,0.002113575419851115,0.028405052525683486,0
2676103607,0.2484504132231405,0.002779116918301964,0.002031487923351217,0.016518570608419565,1
2753790895,0.2759609868043603,0.0025616919314731296,0.001880264228180762,0.04086787235727027,0
2111389243,0.24819401444788441,0.0018755877389431876,0.0013867378919370323,0.020519133607259193,0
2047126772,0.2629852378348824,0.005200502712420051,0.002489855844259788,0.03665623113686065,1
2262095676,0.25302472382956337,0.0009980962577002476,0.001378659613370829,0.022518883176332195,1
2677936823,0.27267573696145125,0.002528291870599621,0.002072227283250386,0.04335573579229827,0
2638421123,0.2685650474595198,0.007925217105035959,0.0018673262557353343,0.03259941753439091,0
2487838167,0.2764367816091954,0.0025969639113545494,0.0023793290733805494,0.042456859848964724,1
1966778075,0.22074346030289124,0.001630114022499002,0.0011555018616710272,0.007748044630806047,1
2499901668,0.28079392877991827,0.0067293650425108474,0.002264793104607031,0.04014580464687514,0
2156721242,0.2272083136513935,0.0007741248962899693,0.0006095574895219224,0.010392192184625533,1
2728995872,0.24515800203873597,0.008800179366869935,0.0031923398122670594,0.018743826257517356,0
2574263509,0.254362771020624,0.00033747650779817473,0.0014555819337377651,0.020123630261670584,1
2515440201,0.2745433789954338,0.002185634064351769,0.001320325596793449,0.04148397517830769,1
2664464312,0.2823667252489748,0.0007212407220254239,0.001683632013383147,0.052702824303080556,0
1923226294,0.30175658720200754,0.002489395304392765,0.001916173131510378,0.07844454971673366,1
2510100656,0.25355824986821296,0.0056676193822567675,0.0007386372204308791,0.02240581190980706,1
2317526303,0.2586021505376344,0.004875889276929942,0.0021574674587208137,0.02943248145202996,0
2615314945,0.17414916727009414,0.001300183454013524,0.0005849367627258595,0.0007312993144199182,1
2690761578,0.2230983302411874,0.002688161708240357,0.0012259031670873064,0.006824626805258215,1
2317303704,0.27298524404086266,0.001957515996028603,0.0012287704223558134,0.038988771674280095,1
2207731690,0.2484504132231405,0.003590269346404919,0.001968879816817628,0.017681985923771577,1
1980865968,0.24428643981716608,0.0015686464876093992,0.0011621694528165557,0.01801896024759851,0
2693511164,0.18130418394270637,0.000830184821665489,0.0005206845456329581,0.0011141159473200659,0
2650407156,0.2547669491525424,0.0014693480522398278,0.0013058238703558944,0.024580408354497756,1
2682481102,0.265564738292011,0.0,0.0025501347196970328,0.030334760378746543,0
2428405070,0.21264367816091953,0.00032091431471921846,0.0005471875539536449,0.00471808109527081,1
2635709677,0.21983546617915906,0.0018715757058665964,0.0015376127497069992,0.006538453209988451,1
686390289,0.2806301050175029,0.010229697111070846,0.0017248451299981748,0.038934595179855126,1
2560790467,0.2745433789954338,0.0027083149307844884,0.001493766422948463,0.045115370133510094,1
2613482728,0.2658927584300719,0.0011546653221519137,0.0009994796808682517,0.03229097577036662,1
2657841007,0.29159104658197216,0.0,0.001943757371910701,0.05566593396866631,1
2721587925,0.2399002493765586,0.0009231586755511853,0.0013823696132483263,0.015063456688004557,1
2274063741,0.25874125874125875,0.003073883092679992,0.002313665796309867,0.026139179786206078,1
2253216796,0.2323671497584541,0.002384752965957672,0.001054752488569754,0.0113099342632152,1
2673675655,0.284111045481394,0.0018646943034625173,0.002100013564801799,0.058569945365968726,0
2610396660,0.26574585635359116,0.002310944285312563,0.0018974510679464057,0.031361113664674964,0
2663982018,0.2483221476510067,0.0016295601122568854,0.0009390114535204654,0.018862879676646523,1
1997762237,0.2581857219538379,0.0011521460993017649,0.0009683958329410454,0.027000035430329066,1
2133126363,0.22785409758408337,0.0026245559291090898,0.001543467283450654,0.01006929010149895,1
2720565346,0.2555791710945802,0.0033214426410982695,0.001552970592844424,0.024057152130475677,1
2651447552,0.2664819944598338,0.0009042744518836828,0.0012879783911238013,0.03154716491180263,0
2366080197,0.24317492416582406,0.0032584662403987315,0.0020701765378629265,0.018851071868542155,1
2703634146,0.25612353567625135,0.002904806849676481,0.00105453319855079,0.023661896501231856,1
2250393280,0.23069544364508393,0.0006468925946458543,0.0012843098400375486,0.01238946554446602,0
2653521943,0.2861392028554432,0.0029058340068631766,0.0016860480780263145,0.0486835109423108,0
2345588116,0.25302472382956337,0.0017992078922691235,0.001458874858004722,0.02362316056355169,1
2693849378,0.2041595925297114,0.0013925052648652786,0.0008984140924740836,0.0033754056002268584,0
2034729765,0.23360854783875667,0.002236411885896307,0.001045369836562088,0.010657395915778889,1
2531081025,0.24122367101303913,0.0022867405949849257,0.00180484886310628,0.012067479704474082,1
738211836,0.2887154861944778,0.008249834882625822,0.004011960764624114,0.05611532566593765,0
2584410360,0.22023809523809523,0.0032060877585047866,0.0014008265946718126,0.007974899724584174,0
2710361724,0.26961883408071746,0.0029224782877158286,0.0030964602258419472,0.029848927194478004,1
2762949629,0.23906560636182903,0.0034910462557896076,0.0012613514214273348,0.014016335525587514,1
2242702780,0.15471212608555807,0.00026823926229059493,0.0005253653148172958,0.00018051365064112692,1
1983383780,0.27345082433200685,0.0005560522224921749,0.0013664956090375514,0.04269155522850149,1
2073956229,0.2791642484039466,0.008680846067210875,0.0022094686949137663,0.0501656373833446,0
2716597547,0.2362475442043222,0.004137366748412308,0.0013213687389346843,0.013843910125347941,1
2569944084,0.25858369098712447,0.0,0.0018668307695608437,0.026522196424679886,0
2647837686,0.27007299270072993,0.003661470607761398,0.002076500512632542,0.041968416566480586,1
2560601484,0.22104779411764705,0.0008830126013258837,0.0011387626768936537,0.00906461353100182,0
2308895578,0.2614130434782609,0.0010569724997289663,0.0012707826513085484,0.03192560123829286,1
2144559413,0.22104779411764705,0.004580924706948368,0.001166956783037161,0.007259623114827424,1
2635618487,0.2315840154068368,0.0022369728173049037,0.0013472055752683913,0.01201157035051051,1
2301886756,0.2663344407530454,0.0036994891527484188,0.0024098037626020074,0.033941648220688465,1
2132603993,0.22237632917244568,0.003301270401325509,0.0011181258080406942,0.007999791776430357,1
2710800676,0.24603580562659846,0.0003872129315787718,0.0020527833155773497,0.018782439499839848,1
2739476808,0.22592766557069047,0.00264557782159735,0.0012686556801307356,0.009874063052460214,0
2248551417,0.27360637087599543,0.0038664221966743643,0.002012997399880561,0.040776166895074684,1
2648515982,0.24616171954964175,0.0013533851455715688,0.0010559632580088407,0.01966076678071593,0
2399585384,0.23882820258192652,0.004921073337493753,0.0013506992471945113,0.012999779515867596,1
2408971329,0.2634173055859803,0.0033197917524512605,0.0021919024579176625,0.026317785863496233,1
2557683993,0.23694581280788177,0.005093098789066696,0.0022758084374507803,0.012494526710977076,1
2331349751,0.2534246575342466,0.0011454570750371144,0.0007386372204308791,0.02240581190980706,0
2327322352,0.22603383458646617,0.0007411777132524785,0.0006827387309328604,0.008390323200603317,1
2203389044,0.23180722891566266,0.0020823359376977504,0.001667396339632777,0.01700493282935139,1
2078725746,0.2670738478622987,0.0031285980216286336,0.001242317269802365,0.030516066904449975,1
2720606438,0.19170984455958548,0.0007228819417600726,0.0007421603967643225,0.0019175149490213083,1
2738373137,0.20634920634920634,0.0007737759170964884,0.0006070777955016974,0.0034305012942663195,1
1924860079,0.28529062870699884,0.002434145417360324,0.0012442838944546025,0.05469544047813041,0
2698402691,0.2702247191011236,0.0015052494770919586,0.0018751361015017834,0.03780587455406472,0
2259328860,0.2184377838328792,0.003215797552538177,0.0012258826864852551,0.007991355196978852,1
2487216059,0.25832438238453276,0.002389320339842563,0.0031285316047863594,0.02390499633737356,1
2648065576,0.2635616438356164,0.0019849510038972102,0.0024220958205745627,0.03511519846736725,1
2465470713,0.23497801660967269,0.0031420101005869214,0.0009285180650938055,0.012917254854747998,1
2740257788,0.2714446952595937,0.0011535557903508515,0.0008187586186541652,0.033725600084298035,0
2702632044,0.2052923602219377,0.001162202509990279,0.0006015922940361482,0.003568044526876595,1
2660179916,0.24001996007984033,0.0021863465174545337,0.0016066274364964243,0.01300034497728663,1
2147230694,0.20167714884696017,0.0005289953083980718,0.0007409071496664872,0.00378244964578112,1
2462897093,0.2547669491525424,0.002532176118401584,0.0015505602711830553,0.026672308984158486,1
2479933548,0.2413447064726543,0.002312913208942178,0.0011037244895226168,0.01449199913083736,1
1941944890,0.2588614393125671,0.0,0.002078515097352119,0.02532019521588766,1
2648314776,0.27948866937826844,0.004705361989231426,0.0022213255257800576,0.04968580882265932,1
2700731002,0.2469199178644764,0.004518961419837042,0.0014084308319422907,0.015585161593054918,0
2736241365,0.27981384525887143,0.001396368655173083,0.001796347145505501,0.051221686424894025,1
2735325793,0.2609875203472599,0.0023151438815536833,0.0017259483346589062,0.031153720789081137,1
2124653299,0.27835648148148145,0.0012224256521655866,0.0017868340097270238,0.041089549413327056,1
2698562880,0.280466472303207,0.00251358467500518,0.0017463521899453828,0.03972377678895505,1
2262289065,0.2846153846153846,0.0011698705156385004,0.001258750820632178,0.05710101300161473,1
2618629744,0.24654023577652487,0.0007050080685979371,0.0011923167706678933,0.016414577761863017,1
2285215834,0.2645764576457646,0.0014041411889977435,0.0017553436842891739,0.03344958424645832,0
2582793439,0.23451974646513896,0.0026716861532362036,0.001468210636986976,0.0122735787260291,1
2754666973,0.2357843137254902,0.007492780025355905,0.0022299890967818615,0.011532954984510738,1
2248314318,0.2781954887218045,0.0016659967404638414,0.002065496559072531,0.04498005424179977,1
2638226587,0.2642857142857143,0.0017755962214393334,0.0011113886012262264,0.03245168177250961,1
2701689929,0.27329545454545456,0.002798294446523421,0.003335934461469213,0.039597979301469625,1
2718969964,0.19843234323432343,0.0005965178323399784,0.000754275218746498,0.002391639559258681,0
2475407751,0.2781954887218045,0.003406178043340454,0.00176125922333593,0.04064597362008072,1
2026884765,0.2624113475177305,0.000536349715903011,0.002427720137907562,0.02573779308756493,0
2398998923,0.2638507953922106,0.0025515245367191924,0.0009105882890071345,0.026036576938471053,1
2123606699,0.2711386696730552,0.0012782612960759963,0.0010293737961540785,0.04323046434313204,0
2435478673,0.2075960293482952,0.0002423599421654479,0.0007147102835505854,0.004359412841157954,1
2130206865,0.21735201084500677,0.001398693344112731,0.0008757163251401482,0.007300213794660654,0
2101645059,0.218338629142079,0.001988904754547286,0.001239254670688487,0.007654625124871882,1
324728859,0.2832744405182568,0.004647696023659307,0.002800307632358323,0.04583434236185564,1
2656282476,0.233835683033544,0.0010311892804402356,0.000960289242051206,0.013851600843252536,1
2103257131,0.2409819639278557,0.0018998408729984106,0.001499164541863905,0.015947119036391764,0
2689239927,0.25117493472584856,0.002071453471646884,0.0023320048017840623,0.019282938389057983,1
2553938368,0.24391480730223122,0.005638006609996535,0.0016742744985218595,0.01882955134705992,0
2717102980,0.22434701492537312,0.002493438145975198,0.001491751532115729,0.008612406966082085,1
2435854230,0.19117647058823528,0.0025866541044084574,0.0008292093868610718,0.0017696974277683134,0
2112156271,0.20786516853932585,0.0006469952256225839,0.0008391088132044069,0.00454377896694643,1
2111320674,0.2676683361157485,0.0015353329273433815,0.001824324989164766,0.03488994983928303,1
2320177400,0.2577706323687031,0.0028165802994902156,0.0008691696315155677,0.02324726402215964,1
2762144903,0.24416243654822334,0.0018300584750235108,0.0019358951004714883,0.018313704335843953,1
2658479185,0.26559911651021534,0.0018244247540699975,0.0007751304272730134,0.032838272159950097,1
2037753700,0.2826086956521739,0.0008957265028473264,0.0011129352335944934,0.05188684555898259,0
2557241906,0.2105954465849387,0.0029912702142437697,0.0032443406295682197,0.004649794930648551,0
2346211662,0.2788405797101449,0.0035269229466996822,0.002081225109596668,0.04987992935569837,1
2304968584,0.214636323070058,0.00038847104803106354,0.0008427285282205944,0.0050270108906798885,1
2398062610,0.24654023577652487,0.0008554082075597812,0.0011533923672910093,0.02109077721622353,1
2541221937,0.23717948717948717,0.00331851711694304,0.001346563106448785,0.010509581528567773,1
2111592290,0.25249343832021,0.0027385173454152535,0.0015828620729141343,0.0227473556854623,0
2676307304,0.2032967032967033,0.00026831008387494856,0.0008015304858279119,0.0033710911245759716,1
2671752345,0.24515800203873597,0.0027970552796361074,0.0020732500222287805,0.014598362639718062,1
2405113023,0.24781040700669757,0.00317531687087931,0.0012018678573054553,0.019657984326076443,1
2664202768,0.20822510822510823,0.0012188320662860942,0.000979148738889983,0.005161485798124911,0
2628260696,0.2751716247139588,0.0017945349921279017,0.0012039665130706204,0.03988637591118907,0
2739798200,0.24730077120822622,0.002298620148571972,0.0009521788824745796,0.018964201098240742,1
2227506843,0.2703766160764474,0.0035375285844984365,0.001820783421933148,0.034765587819489276,0
2297602886,0.23349514563106796,0.00186359167722728,0.0009796760511332958,0.011462292130560709,1
2579837512,0.250130005200208,0.0011748230873209363,0.0021362415198336203,0.022789567984392304,1
2261224619,0.18275075987841946,0.002690291819639757,0.000800738891521636,0.0011762486783916876,1
2131678952,0.29679802955665024,0.0,0.0020741939116718446,0.07315486974946671,1
2577135399,0.2644310060472787,0.0010921673059344828,0.0010798694443081881,0.03032066873037276,0
2598851801,0.21853702862335303,0.000966891308516557,0.0006685116988773266,0.007698851372683994,1
2490933770,0.2415871421396283,0.002940917483888641,0.0011515429355076605,0.015965731182888555,0
2400031853,0.2030392570704939,0.0023399976874342327,0.0005878147478995037,0.003438509692283436,1
1369874874,0.24922279792746113,0.0029684613189267495,0.00258042257660376,0.019646094142185887,1
2663863009,0.2544973544973545,0.001720628415780418,0.0019794307390719147,0.023552368414133662,1
2114900314,0.22937529804482595,0.0044757458781906545,0.002069381603673439,0.01010020796166566,1
2152986717,0.28319623971797886,0.0,0.002131598614204168,0.04445850112629413,1
2098495731,0.2675194660734149,0.0008324636600130919,0.0012939430229511563,0.030402505493118914,0
2634952654,0.23636363636363636,0.003039926979821418,0.003926642271360048,0.011965737354060124,1
2106966690,0.2703766160764474,0.0004229245381634795,0.0010077111121629722,0.036293419927680044,1
2714417043,0.24961079398028022,0.0008925409117222556,0.0009545868910648066,0.021022387645542342,1
1968801554,0.2609875203472599,0.0009223423951402853,0.0006899393710952555,0.028297953139149762,0
2730611305,0.24553343542623787,0.0009245357472443362,0.000991948455157644,0.019040100521861485,1
2689692514,0.2489648033126294,0.0021847541458786977,0.0028563914172081814,0.029372226329635282,0
2669458406,0.2654525386313466,0.002978048763528654,0.0009756199506195947,0.033376811197791914,1
2573520114,0.2781954887218045,0.0012266017243904583,0.0014178313474806892,0.05279157701566455,1
2490945612,0.21105748135146996,0.00040895560226457905,0.000888741553420312,0.005855406495056028,1
2638049606,0.2705286839145107,0.0023799089291702143,0.0029604999320909124,0.03807088295255718,1
2018697768,0.24292929292929294,0.009029796908812521,0.005493973749639362,0.018621252884939994,1
327265631,0.24170854271356784,0.001957267930422497,0.0013107712753043905,0.01687267587511662,1
2716868191,0.23636363636363636,0.004999235600393837,0.002438208031073803,0.01384250729730938,1
320555337,0.19087301587301586,0.0005922735929725739,0.0005098770371760739,0.001817701645414328,1
2641464852,0.2601406165494862,0.0017982527346409457,0.0013370215730491354,0.02676391527002462,1
2748478651,0.2550371155885472,0.004976858010135887,0.002326856069848284,0.026112249378639436,1
2628086589,0.2140631953716066,0.0003283551143997788,0.0007354149629042524,0.00601617657399171,1
2649348473,0.30544993662864384,0.0,0.001660711568519636,0.07618069865513896,1
2310752156,0.23589995095635116,0.001437044252291817,0.0010907253921722893,0.011737222257472847,1
2064494904,0.23338185346918972,0.000975794898005155,0.0012570514693453685,0.012796812171586496,0
2695831432,0.22023809523809523,0.001864973884007567,0.0010225463989657455,0.0065649081281122035,0
2637875641,0.24478371501272264,0.001874094411843844,0.0008112463069083862,0.01867516994970105,0
2326787887,0.26977005047672464,0.0006189291074861624,0.000932619526441704,0.032977346623926033,0
2584593445,0.21588868940754039,0.0010866622326526913,0.0008088099342367932,0.006393347922647541,1
1983177832,0.2800697269029634,0.0,0.001632913159668738,0.04316847442245245,1
2734003544,0.2569444444444444,0.0032357475989676595,0.0020267418256143133,0.026066612084409944,1
2704560370,0.23671259842519685,0.0035077736495278977,0.002166116959402952,0.012479853173088177,0
2698580079,0.22603383458646617,0.0009302151929788959,0.0007648386596730219,0.009727141530827679,0
2317361983,0.2740740740740741,0.002080138747727338,0.0014989196433750373,0.03903481047955072,1
2550457661,0.2409819639278557,0.0014744705984412678,0.002368550225071982,0.015970573525891842,1
344196476,0.21853702862335303,0.0011985033437625285,0.0012693676358225287,0.007895986178410103,0
2070500561,0.23259187620889749,0.0019522154007582308,0.00159195100721253,0.011247046396950868,1
2599729695,0.24922279792746113,0.0022914168662384648,0.0022356636227514014,0.020312410498502183,0
2400165574,0.20573139435414883,0.0003256983563320815,0.000740798495006367,0.004024135652256821,1
2282552720,0.24654023577652487,0.003033554621005103,0.001170644420913831,0.020094888079073205,1
2474016651,0.2518324607329843,0.0008852456250446124,0.0013975083404933098,0.021568285117782558,1
2501250214,0.24146586345381527,0.0019186268371955777,0.001227973486636264,0.022920831948277997,1
2714206172,0.2581857219538379,0.00044049685135627066,0.0010795245648455875,0.023278462421660658,1
2513825881,0.19818706221672847,0.000528705656977606,0.0006870732617928269,0.0030838878240390614,0
2266837484,0.25409403063919705,0.0018102729218064182,0.0011686991591627503,0.02084409077158262,0
2663141722,0.2276384287742546,0.0013770313733794716,0.0014594449531399908,0.009259009957890698,0
2133861937,0.2557029177718833,0.0,0.001871280226360338,0.021924244671900652,1
2004402643,0.22937529804482595,0.0021232219226181613,0.0012997973579936448,0.00967536215113747,0
2659869352,0.28394332939787487,0.0007773561706040914,0.002067841485188948,0.04760981561371402,0
2104533619,0.2740740740740741,0.0017701999965405392,0.0015050841699639954,0.03677126523172846,1
2484873726,0.21152154793315744,0.0003184556514973232,0.000684762098000492,0.004691448053566413,0
2615333838,0.25130616509926856,0.0013400045958237628,0.0014856191533196886,0.02180858196993904,1
2661953772,0.2263529411764706,0.0006523548917056883,0.001081953282928226,0.008334623671537613,1
2679745192,0.2531578947368421,0.0044057650342977945,0.002269943222690937,0.024643823044396253,1
2601073868,0.29116222760290555,0.0021981081769323063,0.002163294384009774,0.060660071642877685,0
2647939089,0.2510438413361169,0.0014014970774731835,0.0013110389369601371,0.024271583400079722,1
2648945217,0.28013977868375073,0.0027704455146535007,0.002064913883587447,0.04706532099260987,1
2627654490,0.20210084033613446,0.0004535317145477225,0.0007049698368478277,0.0034671258404909543,1
2166497827,0.2650137741046832,0.0013571578272182857,0.0008981221806473793,0.030057323311379624,0
2640857759,0.2663344407530454,0.004476911910178199,0.0010717071232583674,0.03104374786725185,1
2690923998,0.24528301886792453,0.0005265480125387126,0.0010264924586158922,0.016552210937577555,1
2100713190,0.2557150451887294,0.001484405431114977,0.0006790972663297291,0.02201940062759091,1
2519316879,0.23870967741935484,0.0028359453964762796,0.002035354886741096,0.013297558273335229,0
2101933837,0.0,0.0,0.000355314120640857,1.4435936805025834e-12,1
2328827565,0.2739179954441913,0.0008233009992150757,0.0013995444433819427,0.04671693872024855,0
2691357907,0.26070460704607046,0.002171691697891347,0.0010394323278192007,0.025458769873085152,0
2674517067,0.24037981009495252,0.0007690566300317513,0.0014174673737117898,0.016841020197106996,1
2368165689,0.2572192513368984,0.0029651153137763486,0.0012998174082884696,0.024065159634908302,1
2666748757,0.21254971277065843,0.0003279095738780411,0.0008429510640679929,0.005757528470249942,1
2684192577,0.2323671497584541,0.0008787704984886083,0.000870835902156258,0.01238680327333122,1
2244971232,0.24591002044989774,0.002225893342609412,0.003046805296993273,0.017874891573120506,1
645326,0.0,0.0,0.000355314120640857,1.4435936805025834e-12,1
2171194394,1.0,0.00021563832529136634,0.00043081676627131234,1.8766717846533584e-11,0
2029958341,0.2791642484039466,0.0014011957777214908,0.0012070132361921065,0.05046261199850126,1
2116939819,0.26226826608506,0.002446631763540462,0.0014678182120853186,0.03363335460546564,0
2410647592,0.24231738035264483,0.0024400552970883227,0.0018456666960763235,0.01925472144647249,1
248270367,0.22948473282442747,0.0018750768575284914,0.0013740214291157824,0.012498777996201789,1
2299466631,0.2232018561484919,0.004662952733846548,0.0010478687487574367,0.007664568560609748,1
2146825668,0.23125,0.0013706315167292564,0.002197079498353271,0.011033712036230579,1
246614131,0.2821114369501466,0.0008552262173223186,0.0015491298426952016,0.04814168250303673,1
2255038264,0.19325030132583368,0.0002851638554527852,0.0007124986857907291,0.002151216643840453,1
2599354976,0.2520964360587002,0.002689285438435496,0.0017813861060207898,0.01973931671451376,1
2573653568,0.2514315460697553,0.0,0.003135357317682818,0.019355067232600866,1
2638152638,0.2717023675310034,0.0,0.0020702498420769153,0.04039010271196666,0
2106822386,0.26977005047672464,0.0019554576131257427,0.0014469359334833916,0.034292785704189324,1
2628786721,0.21180096873623955,0.0008898462232291151,0.0010695602642634993,0.00483677288840863,1
2669053944,0.2159856308935788,0.0004816912551214383,0.0008088099342367932,0.006393347922647541,1
2223478467,0.2777136258660508,0.0019250309614020932,0.0014521142839788144,0.05288553555226105,1
2072871168,0.26574585635359116,0.005018216499263137,0.0007751304272730134,0.032838272159950097,1
2669388264,0.25901992460958534,0.0005858618252158653,0.0015319298465238367,0.02466854303719884,0
2328677393,0.2705286839145107,0.001607728961228869,0.0011800817359530185,0.03412234019701336,1
1937035073,0.233835683033544,0.0011122660686476676,0.001639597963238725,0.013558187515961932,1
2658255342,0.2430520464881253,0.0014055703993923385,0.0016964603232444153,0.01680899713605443,0
2680816074,0.19489465153970825,0.0003593259821670235,0.0006815777334619248,0.0024499891177847755,0
2099121663,0.23671259842519685,0.0026707264328215186,0.002766144268093558,0.014233566022946021,1
2491574160,0.2340632603406326,0.0006379734113582802,0.0013054615257429066,0.01133897904903271,0
2096951303,0.2653061224489796,0.00026776166838893305,0.0019022547307321175,0.029834685457112854,0
2723373041,0.27345082433200685,0.0012656555542687128,0.0014689779049276218,0.03781783642393025,1
1969419315,0.2584631918323482,0.0008782265390541037,0.0006816559920369745,0.02419349147091812,1
2695488140,0.25355824986821296,0.0009398169709490551,0.0015762268935564545,0.02725216119304233,1
2245674027,0.24553343542623787,0.001403663796990767,0.000991948455157644,0.019040100521861485,1
2538891204,0.2263529411764706,0.0033558753572210075,0.00131485299827224,0.0119079551422864,1
2474133634,0.2745433789954338,0.0007386601091422913,0.0013961521928502777,0.039981355697924534,1
2605273981,0.22948473282442747,0.0010091871268334746,0.0006412845641994372,0.010391435110686511,0
2662471493,0.22361692236169223,0.0009444571863358604,0.001314576504344016,0.009432761440397992,1
2153083924,0.2538258575197889,0.0008533623862703321,0.001517947020512648,0.018565159057027186,0
2737328102,0.2539598732840549,0.001353909475591622,0.0015347215846082474,0.02348479708534293,1
2613345051,0.19917184265010351,0.0010225874315144279,0.0008292288261288641,0.002882691715790972,0
2724132430,0.280466472303207,0.0008076288010848455,0.0015343516177961543,0.04326222398731494,1
2280024845,0.24478371501272264,0.0013190052609958814,0.001958505098792615,0.015361488169643462,1
2161896901,0.29329268292682925,0.001568927382843291,0.0014342256433775872,0.06926693712631904,0
2111399034,0.0,0.0,0.000355314120640857,1.4435936805025834e-12,0
2330165377,0.22582159624413145,0.002230301076788243,0.002193394921295243,0.009309203935362389,1
2325020719,0.2497403946002077,0.00026627101522101466,0.0011626575091818092,0.025637246737192147,1
2179251087,0.2214548802946593,0.000892061864829307,0.001194065897469932,0.006977531762849572,1
2100516635,0.280466472303207,0.0019046446514319351,0.0019629960045014386,0.0468952998918708,1
2149885565,0.24086129193790687,0.001115623368819942,0.001201241189268776,0.012922653716107459,1
2660648938,0.2788405797101449,0.0023361321594712716,0.0013205063309305047,0.04250066765526901,1
2183165591,0.22196585140747577,0.001717173633263487,0.0017630603765711426,0.012632170872439528,0
2665145631,0.24219536757301108,0.0019388589713306055,0.0023928890847552957,0.015247321921432145,1
2681526250,0.24268415741675076,0.0019354974400471424,0.0018513199263346615,0.016243130217336366,0
2533193461,0.22817836812144213,0.0008463424042564018,0.0013899333343079284,0.011418557241616814,1
2749631681,0.2775533756491633,0.002264378033088853,0.0013015454645324673,0.05486766534732824,1
2693045239,0.26796657381615596,0.0012945520413163707,0.0027754896934178664,0.03491760321011362,0
2627888049,0.26807563959955505,0.0,0.001653496184272105,0.036104042865913136,1
2228655258,0.21339840283939662,0.0026209351589143075,0.0019408619617279693,0.007499629728143663,1
2722744282,0.20355480321625052,0.00048410778924339715,0.0010146607087415716,0.004007060837752588,1
2565962608,0.21004366812227074,0.0003109100402329336,0.0006317440971311551,0.005122443561624794,0
2156695708,0.2510438413361169,0.0015914034338845094,0.0013546680637037908,0.02436258833534434,1
2104790425,0.2038135593220339,0.0005370359646444845,0.001015570618550007,0.003692201959130352,0
1965286399,0.21142857142857144,0.0007736911274439075,0.0005604328671087032,0.004872529694802696,1
2631015905,0.24231738035264483,0.000546717144716381,0.0009975874399235363,0.015232524917306532,1
2667166216,0.2708333333333333,0.0020550049752477133,0.0016021269620085069,0.03529669749051358,0
2723228706,0.218140589569161,0.0011773625223238842,0.0008029418993062741,0.005636874788548913,1
2259066251,0.2708333333333333,0.001527563495622896,0.001519910792219931,0.035030698630848206,1
2601888430,0.23058485139022053,0.0008209145032332282,0.0006754082451036322,0.010562872573154898,0
2572663160,0.26977005047672464,0.004402274050479725,0.0011895849480682403,0.0349623451312423,1
2700142985,0.1921693967239313,0.0004260350833252306,0.0005510235281620297,0.0023282675852971876,0
2622541596,0.2675194660734149,0.003057670272723775,0.0007241476340326455,0.03175090885318368,1
2072844997,0.24231738035264483,0.0034325183549214246,0.0017514608625730582,0.014642274588314054,1
2545528010,0.2788405797101449,0.0003713099068680236,0.0015252001300573121,0.03931475227001253,0
2704405265,0.2490937338166753,0.0014527017930091423,0.0013277023922378854,0.02035861012010882,1
2668002251,0.23636363636363636,0.0009604188339969852,0.0006876266684856991,0.012286755065273365,1
2636601439,0.24110275689223057,0.002364425516493464,0.0018293377626013149,0.015914007543237536,1
2497213613,0.2572192513368984,0.0005019318870911421,0.0013729628216698911,0.02514817051972035,1
2567007207,0.26811594202898553,0.0012704251577307709,0.001046186097005124,0.033590650456845554,1
273809706,0.2703766160764474,0.0006958620419115633,0.0011391917470872132,0.035284415298759086,1
2704326289,0.2393034825870647,0.002538147914349917,0.0007249933812116404,0.018161245493451272,1
2592648727,0.26399560922063664,0.0023789114874891958,0.001296049843193123,0.03289469654771826,1
2398904840,0.16906854130052723,0.00039988805560345526,0.0004801905902746282,0.0005277401905634015,0
2315624740,0.0,0.0,0.000355314120640857,1.4435936805025834e-12,1
2691898253,0.2846153846153846,0.0028186317995575506,0.0025542884905349374,0.0537891244045449,1
2669525822,0.2105954465849387,0.002571056064541067,0.0008106669176430214,0.004764334636545012,1
2400111751,0.2314725697786333,0.0006926340458990358,0.0009653804801529957,0.01050359635452216,1
2578478825,0.26112920738327905,0.001239704548316812,0.0011998924927836903,0.026635819616046087,1
2483438337,0.2748004561003421,0.0,0.0015086288416557457,0.040967484991250504,1
2702842342,0.24366767983789261,0.0038432503857831362,0.0032298475063849887,0.0179707775064964,0
1540033561,0.23349514563106796,0.0008600005414814885,0.0012933294702178123,0.012982199661557831,1
2685985326,0.0,0.0,0.000355314120640857,1.4435936805025834e-12,0
2437415123,0.23847297967278136,0.0005676176438679475,0.0010767670326005904,0.015160800871867592,0
2162203230,0.22217090069284065,0.0025046482981044517,0.0015513266058119254,0.0083671904722551,1
2763786104,0.2563965884861407,0.0010985976982778145,0.001608414669429117,0.027749279048719322,1
2629313155,0.2340632603406326,0.0007498956417103663,0.000716953225946559,0.012836231632107677,1
2152952672,0.0,0.0,0.000355314120640857,1.4435936805025834e-12,1
2555487688,0.2717023675310034,0.0,0.0015319162371483994,0.04071518437325269,1
2121805841,0.2740740740740741,0.0025591937221118295,0.001172010438591417,0.04833434096295256,0
2144777422,0.23203087313072843,0.0008276247225719444,0.0018108032003514248,0.010895604273319197,1
2637653412,0.22094625631603124,0.0008424584669549762,0.0006432698521275778,0.007387698105206021,0
2014458892,0.26992143658810325,0.0022604222274927315,0.0009991216013133187,0.034438531111283636,1
2576571463,0.2323671497584541,0.0007477709255375244,0.0010373449436606387,0.0114389045343046,0
2727518113,0.26399560922063664,0.001147317612942184,0.0013627095046822844,0.0288947030682395,1
1832281124,0.19640669661086158,0.001170189641304598,0.001223800116172912,0.003423152002146691,1
2605945629,0.23180722891566266,0.0012573930699731803,0.0021618136060430307,0.01083415891082214,1
2515017310,0.25143753267119706,0.0014849360182059945,0.0015103746960156085,0.01866754791220939,1
2639467411,0.2168620378719567,0.0008501801074104846,0.0008101693556902517,0.006047815760387133,1
2311554394,0.23394941634241245,0.0009387637674903121,0.0014298164395125422,0.013937520975293674,1
2626051887,0.19301765650080258,0.0005020524312563075,0.000584865458597678,0.001995368164088303,1
2662521415,0.19457928802588997,0.0005277661103882348,0.0006502469205120871,0.0021219530265441044,1
2464261940,0.27627800114876505,0.0033560615065445203,0.0010694992212559055,0.039408485839857045,1
2578472814,0.0,0.0,0.000355314120640857,1.4435936805025834e-12,1
2186282958,0.2676683361157485,0.0007497556078796853,0.0015301517895540601,0.034270401779431935,0
2158278254,0.2922983626440267,0.00038482027250305725,0.0018641278473949716,0.05754925734073398,1
2383037594,0.25544344131704727,0.0014866290112349467,0.001839883091241003,0.02456987030396648,1
2152049345,0.19201596806387225,0.0004925301253052505,0.0007369718876614718,0.0016130068680632649,1
2224253059,0.21784420289855072,0.0002879736488165252,0.0010827556275308271,0.006717972927613833,1
2581661139,0.20167714884696017,0.0005138061469732572,0.0007409071496664872,0.00378244964578112,1
2614345694,0.24170854271356784,0.0009660900897066612,0.0009897234733180714,0.014740380212986997,1
2651600659,0.2793522267206478,0.0,0.002886745223491028,0.045702137225416044,0
2705299328,0.2169598556608029,0.0016586427833242617,0.0011305858516441098,0.006598643500590928,0
2603831874,0.2602813852813853,0.0011548591601180007,0.0013492608805999104,0.02827291107049191,0
2686783211,0.0,0.0,0.000355314120640857,1.4435936805025834e-12,1
2479245591,0.19148089171974522,0.00031181131936860274,0.0006361159289061035,0.0021244659882281255,1
2634790860,0.1607620320855615,0.0002681429422935113,0.0005315015146908313,0.00027144862213802744,1
2282258292,0.225398313027179,0.0016959458280640213,0.0012505956183468804,0.009863710103841438,1
2629848627,0.0,0.0,0.000355314120640857,1.4435936805025834e-12,1
2415142772,0.2703766160764474,0.000758474748970629,0.0013149327474017624,0.03451057398882287,1
2337097587,0.23788328387734917,0.002052075919382034,0.0010539705811700973,0.012648196714031758,0
